FileName,Class
AaBdlOBgcDrdwGIPzrne.wav,4
AAfgTRVwjsaovqGVZgkf.wav,4
AANgMLhDujuKDIRYFBPu.wav,4
abIxkGnHOBaiHerQotkU.wav,4
aBKFxPgsAeukkagzYuVu.wav,4
aBPwhVrsMtmTOqEOhyQI.wav,4
abrgHdsddnyLliTVoByq.wav,4
ABSayKXaapYwLYRknMmC.wav,4
aEYweWncbSgCpFYnEXhF.wav,4
aFiomXNXmFJnyOqMFDjo.wav,4
AfNdbDSRbMnFPiKfTHYt.wav,4
AhrgdiKRXQMxEWUvKNVJ.wav,4
aJgBZQRZvMeCgntHSDcL.wav,4
aJHmHZUpojTdkMLdSBCx.wav,4
AkaDYpgrlargXBSvTvSr.wav,4
AKdpKSGwlawyktopJrLm.wav,11
AKLkbBNBYzruZgOAJuUi.wav,4
AKtwnjNOfEbNuKZWInuL.wav,4
AkXddzXTxtKaScwgavfH.wav,4
ANbPyXOvUbxQWTSMfXpd.wav,4
anLuLAfBwLnHDznAskxr.wav,4
aNVcGCXnCtbolRuyAIAU.wav,4
AOnWvCgTeUrYcxdaEzLG.wav,11
aOqyhyjolcuwcLVBubcf.wav,4
AOwaDJicqqfrBqJbQZMS.wav,11
APsUFuQkFkOFSDFRqHMA.wav,4
aqYgWMRmOYkXmPJwjkmx.wav,11
ARKuJetOpaxsxwZOFOVy.wav,4
ArVAlZAGAvCTFVqdgPwM.wav,11
aSeLdtHGdGJHnftiIVCc.wav,11
AsVdLpEvmPPiEgzWtpbU.wav,4
atGQkuuwRVlKSgylcyOv.wav,4
ATLIdThSZnrRvEcJopfz.wav,4
AtnZBOesQedLaonoemme.wav,4
atXQlgSLSXhgjYxoaToA.wav,11
AvDyapTCbvhwXbrkkWQk.wav,4
AvhvxpLsMyygkQpGqfFU.wav,11
AvNQHRfWeEjuxqCccJhd.wav,4
aVpzPorQpUQcifhoMMlV.wav,4
AvZOQNtdizWHBAOhxScG.wav,11
aWBhXDlAZZPwCUyBhwDU.wav,11
aWXRBlLqJSaYeTasqqBt.wav,11
axgKfJydXVPnvOmEHjSj.wav,4
axhKeKMBkTckAqRcwipn.wav,4
ayePiRecUIYMkgFXCEMN.wav,11
AYQuofbucGOuPSiWIkNE.wav,11
aznrKwLoUuNwueCXuCeB.wav,11
AzSHSLFMCbAfHYyXrLGC.wav,11
BaFtPvBmBltZzlImZUqt.wav,4
bakILLBsoFdJmKyOxvSf.wav,11
bbcmciezJlhCGXScRIWi.wav,4
BByJQuzjcFAloQoJIdgB.wav,11
BcoWcjCVGNCBwSotXPny.wav,11
BdEnOuPGeoBsoMXgKNwi.wav,11
BDFwypdhkrQVkVLbpDeY.wav,11
bDIFUSATyRkDeQMmmbgZ.wav,11
BdpcBuhUNmtIXQLDPNnD.wav,11
BDSPrRupdEHJYPqnxTyq.wav,11
bdWbecxeMWvzqoKIchLy.wav,4
BeHPRNxfZGwBoqclEHDN.wav,11
BeljPuhRacswNISOnzko.wav,11
benXSnJWLXEzPHKHVcRM.wav,11
BfGWHWZmKeqzSvzxUFsU.wav,11
bFIPyrlTVXhttovuqgsj.wav,4
BFkgQttlYRWCXbKGNMXC.wav,11
bfMglsweyLYGYTYyTqLb.wav,4
bfvxyOEIKDQLMGaeywJg.wav,4
BFxDdUnkSVbiFqFmFOTa.wav,11
BfZyaRlgJNBokwmcmTcK.wav,11
bGeKcFvVeWrpCKSryTJY.wav,4
bGLlotmRrABTNYwknekW.wav,4
BGONTsTnzpNVlYnXtFZC.wav,11
bgRqWXVrdzGiKORZNEvm.wav,4
bgTzxHPsmVLtzajZPCZb.wav,4
bGVsLOunlYWNgLAiwJne.wav,4
BhGWoRgpSWVlmtkWqxQj.wav,4
bhNXysxVwYKRrkEVqiRa.wav,11
bhWqQuTfeJHSYDWPMSsg.wav,4
biitfxFgutSeIgTXxzZU.wav,11
bjVgOdfhXkeOpamKEWmX.wav,4
BJXOgzXXpSznyrSYaMHm.wav,11
BkDBgHaGXSRytVHIztMt.wav,11
bKGFNrUPLTMETDZmRPzJ.wav,4
bkhikITpzCSRVRyYFzHu.wav,11
BkIGAQhyBLfosbGAhogV.wav,11
BkolknVmiShfOKRYzwwW.wav,4
BkrRYMkeWQyKwYyYNqBK.wav,11
bLNTBZGOhAijGbhccQDB.wav,11
BlxoboSNkWBdyhFtgEHl.wav,11
BMzWhHLZAZWGvrkRFGLi.wav,4
bNbfafoYkQbSmZaUCqVF.wav,11
BNfBzLlKLpADguCDoKgj.wav,11
bNjdDmyJSTjSrTJFCxfd.wav,11
BnjmYNGNBnJxVfoSmNPU.wav,4
bnwYhyZpAJJvmXmJDMCt.wav,11
BokfMziRVWOwYBCZpRel.wav,11
bpmxsdhIgNSxBhsemHpx.wav,11
bQcFLLliRYblXhEmlHhL.wav,4
BqplUByZwsgyJrGQUNBT.wav,11
bqwHjrrIgxZDrRISdKdK.wav,4
braFPdvUZrTywwdjKRov.wav,11
BRFkBostiHclQKnAhNPH.wav,11
brHKYNXDLGEPxlJfUMje.wav,11
BSHpalPkhJJGBDyMzXXK.wav,4
BtJkwDqsexmbsLPLQZZV.wav,11
bTWqwOlSZVVoYumMCkbt.wav,11
btXpUFXNRXGamaSlwQKy.wav,11
bUJKSwtJayTsAUvGOlXa.wav,4
BUlvxRpZWIuGmoYhuScv.wav,4
bUqoKOpmNxrPevjHojPt.wav,4
BVFlmDVOwJJFAwWfhUIp.wav,11
bVnhRYcpCrHaIZsNrBNr.wav,11
bvRuVyDslAigOoUlQlAp.wav,11
BvsjrylOiNBmkCIqUpJq.wav,4
bvVcZrFNKdvkmxVsUfUV.wav,11
bwHrHCMStLokrVEidvRK.wav,4
BWMwUWyrutFcbIQsDiTn.wav,11
bWrPoKQGDpIzoakIuApN.wav,11
bwsvkxhWbqalXYCIrxhS.wav,4
BxCGFdkVtKdYlyehJvLA.wav,4
bxHEijVlJTpqkcWggeNo.wav,11
BXNdalHIvAbkLxopnrZW.wav,4
BxqhsfaAOCgxYvSSgujb.wav,11
bXqpVvyfesfbPIsWNbAU.wav,4
BxYcxfiGbowWDrEazYLq.wav,11
bYczKRMahAZekZEoOFFM.wav,11
byfpiJAxJQEdNywhNCVK.wav,4
byHIyGytGnjWEhjDBjav.wav,11
bYLAXXPKTridHUZGPGVy.wav,11
BYUUFnhUWklfZJoaEROW.wav,11
BZBFGwdesoWjZtMaQyVf.wav,4
bzjziTESSejkeRndThbu.wav,11
bZousxlfcrxnwMeyqFyC.wav,11
CAOrKngRDSjiFVXZzFPE.wav,11
CAZKTsAJECVJFjTkRFgy.wav,4
CbALeSyMiJtVdmgGwlaU.wav,4
CbkznxQTwHtBcDCWVNdF.wav,4
CdOFZKCTsSJjawhXxTVm.wav,11
cecJYOwMFVVjebwIdvnu.wav,4
cefWhdGrtexktvkNFiDz.wav,11
CeUDTDiBOaoSVsBeYDky.wav,11
cEUsMshvRVngMgyNrImP.wav,11
ceVmzhfedkMPHJQUHxIa.wav,11
CEysjHjcYewycNTWUgBq.wav,11
CFDuadQlaezROKIxDavG.wav,4
cFFHiWTAZHxrgUqykCtj.wav,4
CFnJZrZZhmmjvLcuijwT.wav,4
cFtQjvGylvZNppduYyCy.wav,4
CgifuvUHNYcHEtuieDKR.wav,11
CgiRkxgnZqDJrEPiolCR.wav,11
cgRxNjDCBSLaaWDvTBIR.wav,11
cGzwuhKqKzXTKbBCValM.wav,11
chebBYFJITZJwgUUIywR.wav,4
CHSRTaEpppJofaVjFMUE.wav,4
cHvUBSeZsnMrVhNZXJrD.wav,11
chyrNswLrpgaqnPRXlGW.wav,11
CIaocbkrbkUZzoZTCSkn.wav,4
CikUtnYSHUBSBEvKjQoI.wav,4
CIUaHACghOJwjeZhJtsf.wav,4
cIxqrcUprroCzjjoWMKb.wav,11
cjejJQdZrpnpwSWkpUfK.wav,4
CKJnIXOneAWqoalhGsrY.wav,11
ckKiEddMbiqJXWEyYKyJ.wav,4
cKLspVjfeARwOcxsCsLU.wav,4
CKpvvDFnafHEfxRidvau.wav,11
CktGFDHCBFRtdlPpQzpA.wav,4
cKuPEuZRfswCDxuAaQRE.wav,11
ckwgtqFRTsHSPCOgXAmI.wav,4
ClFXAZEavtrtzZeHhWNT.wav,4
clplGfXbaMXorifJvOaJ.wav,11
cLQVGVEPbiQKTAkCmYIU.wav,11
CmikWywGfhkMzOkRMHrD.wav,11
cmKUlLXQckhitWHiBRBI.wav,11
cmxbsSspVhknsYNiuxmS.wav,11
cnngoLiiplDzjiHJDaqu.wav,4
cnsSOoTrWCQFAiNbHqDr.wav,11
cOOnJhtVWxmMEUtqsdzV.wav,4
coZBErXcVpgBjKobVGUG.wav,4
cPyTxTwrcLapMKgwGJKk.wav,11
CpZtFZeyOaZiigHZIVLw.wav,11
cQlYwFwpNxeTjOinMazQ.wav,11
cqVnqSvdCIUsXuuldygj.wav,11
cQxIDPvvUbIgDUNwnZMv.wav,4
CroItryxAJFUwcSGONeC.wav,4
CrpJznWSMkTGHyquIKNE.wav,11
CRPKMeNdEaWSHiWCKxEu.wav,11
CRSejbxJmnfuiuoUJvJb.wav,4
CrTAXdjIBRSFSmUJcynr.wav,11
CSkzieintceNvGDhfMVB.wav,4
cSqcymNTJwYvfvNplrFk.wav,11
csrNnWeMJtMFNtZzdxIw.wav,4
cSuOnkrKluAsdEbctPoO.wav,11
cTaywoqGppxkZMOKEZAN.wav,4
CtTzwyGEGeIjZkzmhedy.wav,11
cTwxkZDEXAzgdcwJFgWe.wav,11
ctymlSkTaVCgyLsFpBoK.wav,11
CVDRQRXrmnEUqKmOMzuy.wav,4
cvgyHAqSGKWqCYATfiea.wav,11
cvkvMWbJcoxdxHoYpPkk.wav,4
cVshsJuEmwRkCHJxZOxo.wav,11
CVUutIaWsxxUMOxfXMEh.wav,11
cWZuNpKnpssCvllFPtmT.wav,4
CxmbdxbgwFtFAkPApsSs.wav,4
CxuvWOlajenbkMhHnmRh.wav,11
CYixaamvJwvMcSqIqVUu.wav,4
czyGXmEmkQfoBRzQLvcj.wav,4
dAdZVXuIdkcHbwREKwVP.wav,11
dAgfjnoFHieDCfeIDvvD.wav,4
dbbbLRyGCmPBksfRCzDN.wav,11
dBlqszVzNZIpfAslelaX.wav,11
DbylDmSYNCXQksMhgsHA.wav,11
DcVGkfcmsuStEdRGboHm.wav,4
DDHxehlgllGtZtCcuMZa.wav,11
DDmiNiAqSSJPpzzojLOO.wav,11
DDmWrAmywjLqivhTtCcy.wav,11
DdPytwNYBCUQHBEoroBg.wav,11
ddyoeCbjLacbUAAmzZAI.wav,4
dewxRaxaVtMULEJeDblW.wav,11
DexxxhDDcKwkpoCOkFDu.wav,11
DeYhdWkLIiyGAhtGxwVF.wav,4
dFcAjiVOybwohUPlYWMC.wav,11
DfKPOjZeRhqbYbqVFyRG.wav,11
dFlUJFDofWNDhgNYezUm.wav,11
dfuKUEhTBRlNpDyHQJfn.wav,11
dGPtfmQsHkUiAaqDdssF.wav,11
dgZUbMyjVQdRoeYkKRJm.wav,4
dhguImztfoJWDcCAlqIZ.wav,11
dHSudYnmXLMiPbdaTTdv.wav,11
dHzvrIjIGZLgZtTlqNDC.wav,4
dibHvxfBqciQBspxKnhX.wav,11
DieKuQLqEyaeowUsCLYN.wav,4
diiaDvcoYTBrSwHxRKIT.wav,11
DipbzqOPnFnZfvXgTuCq.wav,11
diQrjhclVNJyxcTpeOJH.wav,11
dJAgfpMfNSdzDkusfdbH.wav,4
dJFpAMvpSxoDtTVlulUc.wav,11
djQFCXXlAzxFErFsinlq.wav,11
djXnIYLpoSsvhwTsITSa.wav,11
dklqPPhlZvnqKQVMnkIl.wav,4
dKMFWUhMZsoBTclJPGAz.wav,4
DkWnYMQUwrcBUdNIygQP.wav,4
dkZTQMMVIdXASYFCRXIP.wav,4
dlhCNZPFfqVxxihOsddK.wav,11
DLzCIGWPnghmzpOmgdWB.wav,11
DMcQQNSsqhFnvjJKAAJf.wav,4
DmDeUZplqEvGtrwRjvmN.wav,4
dmJmSDOEXJQgwGMquLDV.wav,4
DMMGsEsDLxWkJxfUVCKJ.wav,4
DMohkacbDILDauVsxKxH.wav,11
DmTovPPALrWAMhAmBCKc.wav,4
DMwDwbNPhBpYUdutQebX.wav,4
DnDlCohaqqawsbPCuLmB.wav,4
dOMaQpFJKtktxDuVzgJn.wav,11
DOXrkXWESJJvVPomCjYu.wav,4
dpBVCNuIOrXOLNnDwmsg.wav,11
dpLPxfiooAtDmjBtmsFx.wav,4
dpMVfpsNrhWICkjftIde.wav,11
DPQfWBStuvSefPuYhyCN.wav,4
DPTmbQKevNarGrNHZbXg.wav,4
dQIRojgnJQhDwLgeuYNY.wav,4
dqKapJndLXwGWrumANIP.wav,4
DQnvYnQSRybcWEyRaJPK.wav,4
DrBhyamvvvWWHhbSossX.wav,11
dRCxWvuceItaMYhEFQzw.wav,4
drjCLnzwlQLoKjJVeOCf.wav,11
dRwMOzIZWTBkQLANgoGm.wav,11
DSbUtBLeynVhtqTUqhmv.wav,4
dSdUebTKIRmYtvzJXQFM.wav,4
dSOXvMpfYXiKXtIjTrZv.wav,11
DSrinaBrPYbNsqIbXCaU.wav,11
DSTDuWXZTABtPwMTgDtp.wav,4
dTDITBtIHXjGfOZjtlJE.wav,11
dtecgKYIWessYHZBhlqP.wav,11
DuBPhwUZajNlYjiryfCH.wav,11
dUGMubRXudRDJckgqyUf.wav,4
dUvlZzICIFjcIUteeQcC.wav,11
DVETfJlyWucToXjNiUUI.wav,4
DVQwVNgafXIsouHKFQwo.wav,11
DWEUTukiNrcfpEWuepnd.wav,4
DwHIKbyCMPJmlMhFPRRH.wav,11
DWJoyjFPRpkeMzyTlJWY.wav,11
dWUoFTVaEWDlvkbCkVYG.wav,11
DwVArbDLPyjAFOKZuRaR.wav,4
dXfTBcHVTlGLgCzhbyDN.wav,11
dyCAbbPHnZZyGcgvkWkx.wav,4
dYcOjYvZwwWYtmQDcYFg.wav,4
DyURehiDuRmQtqsxogdf.wav,11
DZlPbeMyLohlXZFSGCQN.wav,11
dzrfzgrnFzmUWHsftLXi.wav,11
EafpDKaepNWhwqStSTQe.wav,11
eASIRapvDyeeWSagQUAk.wav,11
EaYdzqtqKhZgmITDhCpx.wav,4
eBfveYlHMSRBvUIjzwgE.wav,11
eBWCrhdQTmlpNawkMzjt.wav,4
eChAjFTGtqPfzxMASJgY.wav,11
ECPdYJDhYrbAgmdEdkdP.wav,4
eDbOZgQqhKyIvpfQuGgG.wav,11
EDlZZRwpwTKCXKWztmgT.wav,11
EDMCbYKoKzkkulwrAvAx.wav,4
EdnlJMxZzttVrFdKcDnA.wav,11
EdPgNIiwnqRcsgSxlYbY.wav,4
EduKUwovZjakljGnmXwh.wav,11
eeFwUAsvuhswKWFtDVZY.wav,11
eeRdhNunUQSXNYqiIftT.wav,11
EevhPNtIPpwfCOVuAooL.wav,11
EgJUkhwvMxYLgoThvAAh.wav,4
EgSwTVKnbdNGECqSTaHp.wav,11
EHAIuYrjKegUowDyquHg.wav,11
eHcxSTXpJpxKvuqTtQMl.wav,11
EhfknsgqDjluTJLsuvGX.wav,11
EHhRmoAOjwBcLogIYexc.wav,4
eHLbKGmiTRQttEhMxixn.wav,11
eHlHrpAVqVlqJLLbkzyS.wav,11
EhXvsyYEumgJxEIcmUPq.wav,11
eIPlSRpxdUxGeNqRuSiX.wav,11
EIsPMqqRaxOZMErpIxtP.wav,11
ejChQhXMkQJVPdCJWzLE.wav,11
EjkElVaivjPTJMHBRYDq.wav,11
EJUMxhgQsYUkcCHWgHAF.wav,4
ejwdMrvHoTXLJQMnjIUp.wav,11
ekEhbHjOhHqpGJeFXWTu.wav,11
EKeqMUWtDbtsdKgSgZVc.wav,11
EkLVqzflttiRCsqYQdly.wav,4
eKPwUpwOWOYrhnsGbEdX.wav,11
EKqwEntaAUQPKcYCdZZO.wav,4
ekwBuyQYjnlioiZsMrRG.wav,4
ELGOSKIhmncNdvXildcc.wav,4
elGUDdIMdLSuwjSvAGJn.wav,11
eLMpdRhqkvqMWSuuPQBx.wav,4
EmvEzuaNESpORbcViNQM.wav,11
EmWNBdZJuUWXDLbEQkep.wav,4
EnQZnJexGAPHegetrnYO.wav,11
EPbThXRorRDZlAzztEeT.wav,4
EpLcIcnqGsHiEGGbmqdD.wav,11
ePNXRhhxIjXuTCtFQDsC.wav,11
EPopVzUuKUUKnbChoqnv.wav,11
EPpImvWJMpWHTfeEfaIi.wav,11
EQiooAuCxTWZFRBcRRzj.wav,11
eQnyZXCxXjRZzLVkjlJH.wav,4
eqRPDlMzJduLBGQlOLtT.wav,4
EQwkZQjXJvuGDIbdhkIv.wav,11
EroocxldMwBEWeapnctQ.wav,11
ErxQxInZqrlaqahaZZPo.wav,4
eSjRaEZxkXVqVKkdvBjr.wav,11
EsSmXzmGJuyOEogTbRdS.wav,11
ESZxROTsJfAeRIOHBGLI.wav,4
ETmqOhVlGULkWWzjouVm.wav,11
ETUfvNIIWZDKkiygoFpD.wav,11
EunCJDrbhgAzvEhWngFy.wav,4
EUngglFCAngPBkdZXyaa.wav,4
EUrdOEIxmSFDUksakROJ.wav,11
eUuIVRETZxMDaMNmAjgR.wav,11
evfjxHaPkCDTTtlcfUUS.wav,4
eVgUSgDmRKdMPNgflWBh.wav,4
eVWgTXSPejpodkkabImY.wav,11
EWbpXmKSbGJEtaosxsiL.wav,4
ewHfVinPEIvHFzqSFFzC.wav,11
ewlDGxeXeklUZFSdlGRw.wav,11
ewSpTZeqSFFrhJZaVzlp.wav,4
EXbLslnYthgtCYHPuZLS.wav,4
exDormLEhOxGsVJyogGI.wav,4
eXinwdQDBeehPSoOMrHc.wav,4
exLKrxpnjmZOjvozxvre.wav,11
eXspSrnRRZIqrgQiMrMI.wav,4
ezPlJsfpfMfzzHYxVGxu.wav,4
EZUKujQNCNpLHHTPLnOw.wav,4
fAcclNfRybZiDlAyjKAf.wav,4
FathesYswmJKvBvnofaw.wav,4
FAzKZdscvZfIMzZOhbaC.wav,4
fbIGWUlbpAhioqPuZsST.wav,4
fbLVIEPUKmVsJbpizylR.wav,4
FBQTfwTRMlzCjwwDRDOd.wav,4
FECKbBbmzkGASMfhkAgl.wav,4
fFaTIjjmETlxUAsCmUit.wav,4
fFkkVrjcLFkIDLdxRAxP.wav,4
fguDttZMUtbcboXRUdmU.wav,4
fGvpfMsZjsGESxYSEcvs.wav,4
FHRtdABWcRXZUprzdYMN.wav,4
FhTAXzgxBzsURkLxjfjZ.wav,4
FhwYqOvhPrOtVFTHXpwk.wav,4
FifCtRzRfcMBosmSgNTQ.wav,4
fijRLRZeupwRyHzROuOE.wav,4
FJEAyJdwPOKNLVRPkyxf.wav,4
fKJohDDGAzLHLVEygqbv.wav,4
FKojZeSYxGqEVgLZxxbV.wav,4
FkPCmYgCaROZLDFgfdYs.wav,4
FLgmZCUktOTBvGTyNrnY.wav,4
fLHaKxyrYjVoanxayHJk.wav,4
FlOxHaKAbyXOySHXAZyz.wav,4
foRzHzMubXDKEXGXrfUT.wav,4
FQBcXOUgbPCcfNoXacaw.wav,4
FqDmgewKsIgQtyGFHvJV.wav,4
FRjgZleWwuiORJbDaqsL.wav,4
FRTwYZcuTEpZzRXqgDZc.wav,4
ftOfCwgreSubtKOCuebG.wav,4
FtQfdWBvnLtcFDyoLJbM.wav,4
FVqmhFDRfhlGlTzlngeY.wav,4
fVyBDknbanWvDaQAgOyW.wav,4
fWaLzkYovMRAnwqSzLSy.wav,4
fwAqIuTqYWpZeUfMZtNm.wav,4
fWuMwGCebXbvaJoxOqlX.wav,4
fWwBBdNNXhbqLjyYuGxt.wav,4
FWylnNmOUhqhjhkdmpvt.wav,4
FXvXIjrWzbVYvDCfTPqZ.wav,4
FyxbguRhPDWoFJrzGRgX.wav,4
FzpSdMBbFtevEnxBGicy.wav,4
gBYpnRWxPqbHNBgFVOJQ.wav,4
gCvQuQzXwornCvPIMLhi.wav,4
gHOvHdPQaTbCGnjnjrxb.wav,4
ghUUFktwpvPZfDVORzlA.wav,4
gHWfoWeKihGrreFVotxo.wav,4
GiAPeVyWxgmGTQrWRYMN.wav,4
giElmfGCIdmcwxADNSIY.wav,4
gijvagqiaVbsqerFvVpj.wav,4
GIzckBXpHANCyLmPmYzI.wav,4
gjCLRwkuzTjizlPcsQnd.wav,4
gjPOhQbsvcbkeecKLXMZ.wav,4
GkNWmKtYYddVKzJYjlIA.wav,4
gksPHQdaAaeHEyvFcEKM.wav,4
GLsvSHOqegtTqNrGoVEt.wav,4
gltqnUXuEJoSvqNCYqOf.wav,4
gLVSfawfJUhNWghGhxAh.wav,4
gMDuoCHfHxiRQSVscKnI.wav,4
gMjAtTCqtZPnQgqbpizT.wav,4
GMWBZuEBinFOfrTEtXbw.wav,4
GODCZUNDxeMVRcwXxRYp.wav,4
goVhRxlElsvWIeemkUTS.wav,4
gpXYZypAzeKxkvLYanaO.wav,4
GqivySnTjynfpupDtKkA.wav,4
GradZwScoykBykXeOwZH.wav,4
gRnpIQWYPcbMAXDZARbU.wav,4
gtdYkJjFNAErjTNfCaFz.wav,4
gtLlfxKrwBDZNidraxBa.wav,4
GTOSkCmYCKruQjIoFOiP.wav,4
GuQiSOZmrcHuFmkiBhIp.wav,4
GUUogFgcylMnortTXxrD.wav,4
gVbMRCcxAZyxQplqShOJ.wav,4
gVFrMmtfRxAZMVaUCeQT.wav,4
gwIFZxneYLhuNKfhoGlp.wav,4
GWrkwGckMvWkQCxrsJHa.wav,4
gXQxssfGkQUwglcGjSKt.wav,4
gXuVoCnyyiXCCWrJtlQk.wav,4
gXZByEYvxrrOcUyATXjV.wav,4
gYfGBruiPRWElgLkLJbr.wav,4
gYmhbERPEKfNpfJeBYQo.wav,4
HAhTLmCpfCGGFpaBzHgi.wav,4
HATAHPpIrojbhmvzrXEx.wav,4
haTHhqbbwYcUqaNUPFEa.wav,4
hBunhMLTAokHpVjYHhxS.wav,4
HcSIdyKiVsaFNAKMovLd.wav,4
HeAELQivWeXVAnEjpBDI.wav,4
HEblwWKddLsckTTsnofl.wav,4
HehyVaQUlQMCEotBGKIF.wav,4
HfHHFydWCtMqBnCdCNjc.wav,4
HFOvhhNpJQnGSlakpROO.wav,4
HHxtqxzNLoqhxfKbUJsN.wav,4
hjsJWZCsXBMApIehHELj.wav,4
hMhnbEwyqhUFFINSapOD.wav,4
hMJkniXGKMHSxvAhdMqP.wav,4
hMmDeBzFawCNYtjCWvtA.wav,4
hnchXqScgPPwimusOLRs.wav,4
hpfWjhfncKHFgaXlCIyc.wav,4
HPNOBkyepsoZYOIaVfMn.wav,4
hptsQtKDWOssrOCqhOtu.wav,4
hRsXTSVtxGnYSRvUyMWA.wav,4
HsiPNxeWEjdsuRvmpqTC.wav,4
HSKAKiariUArERFJsXPk.wav,4
hSmBxOJMsyqGKEQcKWuX.wav,4
HtDTaLBvcfwTyshcJCNu.wav,4
hTgHWLdmDgMCRaVbyRem.wav,4
hTyImRwdnlJsWtgynipF.wav,4
HvFyFpQEfpcIziFeaXQb.wav,4
hwIrnGIFCfCLpKzNqNDz.wav,4
hxPkJUrLQEEnIWnSUkRC.wav,4
hyteafYeyqePlpAyKoWh.wav,4
hyuSXhTBPScUSxDfIbld.wav,4
IbaJZHKaWFcCNPoKnqAs.wav,4
IefUvZdaRezsdeTEZhbg.wav,4
iFEJFpPiDdOqCdaSdtpD.wav,4
IfhoItNkyHvJQZbkZSlq.wav,4
iFuCLzZMGWcGwfHphjcK.wav,4
igRgovnKLIuypEnJLiZS.wav,4
IHodujABItGbhyIgslXy.wav,4
IJKfWuYcIvkiwtsTFNKI.wav,4
iJmdeHgWjIqnGgNEHeIF.wav,4
ijvnQjuLgXoESRHOCpSr.wav,4
IldxNkwypPzoDgDGHazh.wav,4
IlHbixAAimTIAYkpnGpv.wav,4
ILqkyPyynYtcMVhbWQxd.wav,4
IMmRHTukNOShlImAdzGw.wav,4
INCnzheJVUIVrsJiMnMY.wav,4
IOAKlWQymeyhTvTvCrba.wav,4
IQwEgPrHDLHGTazfQLxs.wav,4
iSCemdnJGWnerbNgsNlV.wav,4
IsCRScKItJwPXteXRYkE.wav,4
ISiFgNvvbcrKNLBuxABA.wav,4
itEhSjxQoevvzqKjqOoQ.wav,4
ITSjZyDoaZgoUZPvIdDi.wav,4
IUKkLnNfYFmGvDhEUfBA.wav,4
IuVEIdhSJBZBImqEOurI.wav,4
IvacdGGrrKiflFYbxCAa.wav,4
iWOkAtcZvarHdQWOutCJ.wav,4
IxeHKNtWZcZPFVlZVpHO.wav,4
IZHhxDlvYNWHzkDqOWIe.wav,4
IZHjygxJKKdzYzZQdPhJ.wav,4
IZQlGmoNTKYWJbVZKXHI.wav,4
JAHAlcXSpTiZRnOndKtP.wav,4
jAIjjoLHKQNOwnIPkknc.wav,4
JatDvwLibwzrmzDnKNiR.wav,4
jbUXyhntnQNOGDkuTraR.wav,4
jCeKJgEEeTxSDPCEZMLa.wav,4
jDgXPWgahVGwtRbhzWbO.wav,4
JDPAcdcFBWQNCUMQvhef.wav,4
JEeqabCbMwUSHhPkZAbK.wav,4
JerCETCFuPMwyKaUXFNC.wav,4
JGSFzrSCtbcFqVFooNxo.wav,4
JGzvTYKHrYcUjAzBfgjF.wav,4
jipMnfChpylXNQJLcBHh.wav,4
JKOCfXnOHixjIlnxxdkr.wav,4
JLpoLfrmiddSphmsNzoe.wav,4
jMCnfpyNKxGQMkCYZEWx.wav,4
JmeIyXJLXiiymwojLlft.wav,4
JOIQrJSkGIFviOyyWHCP.wav,4
JqCrTcmXDQwMVrbxeaAK.wav,4
jqHQRAkYyThEtbeuGDDL.wav,4
JqifoYOUVmTzIoDPcuUP.wav,4
JSDUKXYJivFPrFzhMtme.wav,4
jskoRvzMYfggOjDSVxhE.wav,4
JTJGQjJSdrPjeoSzBCxh.wav,4
JTtCtTmDKYwsZidxSjpj.wav,4
JvyXnmYsyPkefszmLLlW.wav,4
JWDhDsegWRXiarbthYFg.wav,4
JWhyZdVlqVkxFLExOciM.wav,4
jZdVEoLHAcPMFrSGYFFr.wav,4
kaBOfQFNeEsYOBTqNFwc.wav,4
KbtOtqpIPiflCbhlOzWD.wav,4
kCbiwFFJeqfLZVhiznSc.wav,4
kCTmSvzgWNQIoOXwWGMd.wav,4
KdpuZGxaWzcGlOWDLZhp.wav,4
KDqTeDOjMYWKmjXWnhkX.wav,4
KevIFkBMKjYjcrhdwcqj.wav,4
kFvkqctuoRHiRhRXsAUh.wav,4
kFVSIcHchEtmiLJfrICf.wav,4
kHGrBhqgzPxstsGwyltj.wav,4
khWgMgofbFbrOJSIwGnl.wav,4
KIeAXrwxyemZruUGUdRl.wav,4
kIFSzVGoLrJrbENmVmcw.wav,4
KIUfKJOEXiHAiJObvhLX.wav,4
KJnjTVbTgNQRZYFKNYXk.wav,4
KlHBVCBriRgsuWmsfeaA.wav,4
klyXwIqYXjTZuPsmJXnt.wav,4
kMPNXGGUOcVfCSWVMvsr.wav,4
kMVzAqyNrtBPjZWPidYy.wav,4
kNWrVkLsXjShaRInhttE.wav,4
KOdQhaGLLlOVcpYhikmP.wav,4
KPlGQUbydetDXjIURfTs.wav,4
KqcUcqYLQavhKqQKHtUM.wav,4
KqwSaxQOIjHqBUJzsDop.wav,4
KrBVFcKeIVNMarPXOnik.wav,4
KrlYuifzSmMpuuOaXKKT.wav,4
ksmvaYexTxjSenpBBXWX.wav,4
KtRwIKKFgjvnYreCoDTQ.wav,4
KUBuHRvecdPiknTpLNVz.wav,4
kvTWVmbACsfZoVbQuBRK.wav,4
KWliiSQgNaCLVUGbSZQN.wav,4
KYbqBmlAAFvoLkifVWxy.wav,4
kYdotIlsHrRdSZLEgxfN.wav,4
KZVtKiWLEZFyQbjiQQPK.wav,4
lbCpUoQLsEfRHYZaJURK.wav,4
LdbyAqJdzGdOBsqKRwXG.wav,4
LdjhythKQwzDUpDXXvif.wav,4
lDmeFDcCqkElwUewRMnE.wav,4
LDOapMzJGEHLsuWpHKdN.wav,4
lDTUNhNqAeAHGqXHJBRQ.wav,4
LEjfqmpxXGaGGTkfvXQe.wav,4
LeQetacdItRRtJcumqXO.wav,4
lfjsoSdBjomjynfvNwDg.wav,4
LGaRTHyVLBMIzvKKHTHT.wav,4
liOZEFWYXtEFxSNAlmFp.wav,4
LiPXOswFhOdkHGuEhOfS.wav,4
LjQQSClyjqzClnNQmOzr.wav,4
LlqTgQTccXTkrCZFCuPE.wav,4
lmHARxwVmiHeuvIGmDLl.wav,4
LmwzPSFtujmEvTySsweE.wav,4
LnCazhFhwQaPKwLECWYI.wav,4
LNFePRbJoaPcVxGuozXI.wav,4
LnqWxclEspqyndTClZVo.wav,4
lpuOOKhCprvahmuaEuoa.wav,4
lRpYyGchcuWJHpPvODUY.wav,4
ltdmWIebPWdQjyKFZNsr.wav,4
lToXXNqxFKbyhVPLyPSo.wav,4
LTVivEyRzAQcPOkLJlNh.wav,4
lVPyDrNfSqfuGJPBfnAL.wav,4
lVTKsGtKcbXmIYyUewam.wav,4
lVuwrjNieUckHCMfwTka.wav,4
LWMEUhEQoVxMxPWVqvel.wav,4
lWxSRcRzVvlsEoNqnfCJ.wav,4
LxGCkLWLlRxmvZonRtYQ.wav,4
LxSvdGBOKONYQROzojVU.wav,4
LXUMZnwawIeQIHyvDPPN.wav,4
QuShmBoBgvFhoDXPBtvI.wav,7
QXcUQHtzKowEuGRthXXL.wav,7
QxLSDFLDgyoGnecXrwsu.wav,7
QyETInfGvtTsSzwolVbg.wav,7
QYsJkgSOdxWwZVfWyLHZ.wav,7
RAjRZSMDRMyyLrgHatxc.wav,7
reflTxuriNDSkddjYACp.wav,7
rGibVSEgUmPJplkzewBG.wav,7
RhyEaPaODrmQTgeMAHzn.wav,7
rIeXwCGxagkJgyPuuCCt.wav,7
RihKwmcuZTwjrrgRpFku.wav,7
RIumcHykqSnEemtTKJBL.wav,7
rkqpTWmzVVEfifmkuFgG.wav,7
RmfluLUgJRtKohmqFEch.wav,7
rnempfnHVhexKWjNNvmK.wav,7
ROgAXxOFugWlgspRQMrt.wav,7
rosGDHlrkovzAxnAYfUH.wav,7
rpWpuzjzAuoNUSciPtqd.wav,7
rsAyXoKnNqrdcjcCtFLn.wav,7
rtMWaHGbFJRWbGtPIzKu.wav,7
RUVJjMqCCRFkjcWyyvCz.wav,7
RvDPPoVQRuiryxWEPbHA.wav,7
RVQjGOAzLArseFuQZzAS.wav,7
rWCQNTVKJNJIVYhSCRic.wav,7
RxthuHndjxosnehRAidM.wav,7
RYEFMIEKQVkDcWrupUVt.wav,7
RYqqbnzTmiXCFrbEXuro.wav,7
rZjOgICAJyzLGyzqDEtK.wav,7
RZKQxZkAOVJQcKwbYkbl.wav,7
rZVmiCbKycYxRxneVKWk.wav,7
SaCejCgNqmASqARAPLpS.wav,7
SajFOXXKtFOijtSSKtQi.wav,7
sAvgvXQaajIKpuPtOGJz.wav,7
SDiQsOIGKQGEmtXuAXkw.wav,7
SEooocSmmYNoyRDYEAwI.wav,7
SfVneEQLQxLgrBRAfVzU.wav,7
SFWCZQpRmHvFoxVUCptY.wav,7
SgCeptdNDlavlugXMhOz.wav,7
sgfXJkPRunNPQInKpyLM.wav,7
ShUJwNOuaVcGXPDYwevk.wav,7
SIkocFGxqUYEFUczWdUo.wav,7
sotxQUNfDdjRokfXUYBB.wav,0
soXOVLMeriqcUaUoRGKq.wav,0
spnIoOHulwMobyGZwJPp.wav,7
sqOboEnHpwXPZSZNzORm.wav,7
SrDYKjNZLpCFivPgixhr.wav,0
sRmvSTQXnNiWcvUELqeF.wav,7
sRZLoiIMXFfxGNPUBCmZ.wav,0
ssXDcdoLbGOFovPBWXEp.wav,0
STFuitoEQJadkiJwdtQl.wav,0
StHCXbfWkLXiEXgOMnyy.wav,0
stNowgrwbOtFdmjlxqMF.wav,7
suTsFkhQiWjPdgEmFYou.wav,0
sUxJGsURCywtYIWapTHa.wav,7
SUZfpIRfqtrTLAhiLJoW.wav,0
sveJNVjnfgmszWgqzdok.wav,7
svgeZuEZhDjLUHJCFPrE.wav,7
sXikqcsejklYSopuHJYi.wav,0
syCQebblkxMGjjVBQPzH.wav,7
SZILaqUoyhCkdYlKDkOS.wav,7
SZtWFvsDQHBqLhrLkxSe.wav,0
szvxoPCxywZDtOAKhoGb.wav,7
SzXTTRruqZBZdiLqFRSV.wav,0
TAHOgCmBuLXNzVJKFLBb.wav,0
TALPpRzYjjyiUkwhKBKP.wav,0
TAXCMLhhNQvaSaNlzahi.wav,0
tbAXFXusdaHgFvcDaQly.wav,7
tbPAzyzVhYAEjGtyQOgo.wav,0
tCtUlzhnIkdbARWOtDTR.wav,0
tcZGrvslqHCZYGXOkBYC.wav,0
tcZHWolguJJREofycfDn.wav,7
TCzrxKmgIRwnzziBUwfe.wav,7
TebboQAdPDWBUGNQSpFz.wav,0
tEBTqCKxhKtjmpKQZiGg.wav,7
TEHUAJmwKihYHxZCQSYA.wav,7
teKkTIIxcIapAAUaUFPP.wav,0
tfuWXJDdkKSApBIpywHl.wav,9
TGmQMutmsPgLNoBcoKct.wav,9
tGuHLbAoanupyxQJfXdC.wav,9
tGWEUjABHGvoVGTPKRsf.wav,7
TgYOGzxfMAzyNVPnHqXT.wav,9
THiIDGKnIWBnpnGXHKzh.wav,0
ThJhaNGmMAutZTPlYYWu.wav,0
thUWDUEoGyxPaqnkiyRy.wav,0
ThWLHaFjsDQzYSknurRT.wav,0
tHZYDNmNpBhuUGkUEMFm.wav,7
TicqhbXZOoWKZmekxuHq.wav,10
TIgOoFuuWSxEUbdqlGiI.wav,10
tikokeeXsySGVnbWVxZZ.wav,9
TIxXMQifZNKbOrEjwvRS.wav,0
tjBcsEqVprLSrhHYDBPc.wav,9
TKbnievPqUkmOQoFwgFh.wav,0
tkCHaMSvNTRdKqgXDrJE.wav,0
tKFJwpmIlpUwpJnLtaMb.wav,9
tkjGxxqeKYBkWaWjPBje.wav,7
tknwaqHNIGLehcgVLRuF.wav,0
TkOzbspiKtnTIirlShzQ.wav,0
TLEEbNAxKeNoUsmAehkB.wav,0
tLEmMXBYmCaDTamFUxPw.wav,0
TlezlFaCDvjFqIaJVkEb.wav,10
tluDfZGjRFVpEXprVAIk.wav,1
tLVbfkjLOuGcITCDsdyF.wav,7
tLyhHYouLNWwLRnsOgEg.wav,1
TMDHjMKgLJooLNQwJBot.wav,7
TmeTRhSGyNLouhkYslMP.wav,9
TmTLAgCjjrnolnDhfzqL.wav,1
tmYEkkLnUzUryslwBoNb.wav,5
tmZrEtCuvuOGaJpIOitL.wav,7
TNIunydeuKRWhopjSVSz.wav,0
tnjFbbqdKYusvyPYvcYo.wav,5
tnJPcMBQalDRprVSVWor.wav,1
tOPGSfyFWJSpNOdblSKq.wav,0
TOqoizmkqedwzqnsGTfc.wav,7
toVFjrrNrgbaLvRtCqTN.wav,9
tPDCGrXgbXpGRGXgWSak.wav,5
tpdHYjoAIMQuBVvJFFZV.wav,1
tPdMwENYeGMujyZQRWwH.wav,5
tPjXFJxEKEDzBSPXikEx.wav,9
tPopfcEFqLKYoWOCDJjR.wav,9
tPPyiEtUHBBfolFHlpgG.wav,1
tPqbhlOgLXzLPrhhzwIi.wav,5
TpvxNyanbyBsUbgIKanO.wav,9
tpxCLIuAzCLlbQtozPCZ.wav,5
TqGCWpJqnjBmriCDimSO.wav,2
TqIcNndDkvFFwmOGEBeG.wav,1
TQIHAKUzBzsMIxXClVIS.wav,1
TqIuxtAVOFvhIqqOkysX.wav,1
tqJbgvoWfCdcxxKVzktY.wav,0
TQjFmOwzxiKTsbYQAhuy.wav,1
tQjsZiYMQCGpcUmRMPNx.wav,0
tQLezAdJQrLNIHWfxPte.wav,9
tqxBJaOznUgOBgjFxxji.wav,2
tradGcQWKyzVCqKpeFkK.wav,9
tralYEXpupWZkFGGpRrJ.wav,9
TRFGLXIOdGtASbDWsXmh.wav,2
TRGXkSPYwSXgHehhaXqC.wav,7
TRhkaWUsKiuxCDLjfIyS.wav,7
TriVywqacMyxMsuseJuv.wav,0
TRQBkOTPBlEBnLeGcYHa.wav,0
TRrdciSkwFfpZOXtgaQK.wav,1
tRUIPrgmPNeinhuOTnzQ.wav,9
tSaFBdpInTIGQuppHNbP.wav,8
TSbxacwrMZQUkCMibEAG.wav,8
TscuTKdRcAZjGbIkonsz.wav,0
tskbahaNutjKMioAnKtT.wav,2
tsrlQbyKDmhKMUDWGYrC.wav,7
TSVqmcQlfpZmbosJKVHl.wav,1
TsXHtgAousyqVNSEUmGc.wav,7
tsXzDUtHTTNLcgmfOVaE.wav,0
TtfojbTsUIEPkzHYtOps.wav,2
TtGQXDjvdmkciJqblxyO.wav,9
tTLBcFCGnjIkKPMSDpVS.wav,2
tTMCnTbRaMlhRZyztZPV.wav,2
ttMjlnGWCpnWUoLHsiLZ.wav,2
TTqSWkhpQnoKPVSpKUwl.wav,2
ttUFDVSFkLHzXYdgYzvs.wav,8
TTuIHJEXcoGwGpeUlrxO.wav,7
TTZWALgpiFIjGyDNZViT.wav,0
TuKiMceFHbRsEzegbMKO.wav,0
TunhboncXgckAVwKkdQV.wav,5
TuuUtTHwJklIjoJCiATU.wav,7
TvCbhbxUSZhVHVjfxtHQ.wav,9
TVeFQcBGfSenFwrGifpn.wav,1
TVhcEntqTiPKFDynDgrT.wav,0
TvhihhyYjRnUKsLWydAo.wav,2
tVkELdvfvcJHZRjcSwSg.wav,8
tvLnvjVcHEiMadFNvrYx.wav,8
tVmGkOzMMIZxYYvbXdNJ.wav,8
tvoAQQhLWSZeglPRTpZS.wav,1
TvRgWfoPZwfVuEyDkKLY.wav,1
TvXsPziIRgRKCINHTrKr.wav,1
tvxULGzEyWcZVzRhwzme.wav,8
tvXzJUWlHjoNrIwKcnUo.wav,0
TWCMyFecSWbMhMdMQlQt.wav,9
TWDjUUzliYcHtLkHveCA.wav,1
TwIOwkqmAfHbMXYNyyGA.wav,5
TwLFZENQooGBsaktExVQ.wav,7
tWViRizSodpcVAdNCQAV.wav,2
twwtRXNJPUWmOdFIUJxx.wav,5
TwYsDlUdZpQCOSztXSBV.wav,7
TXdWzUfmwtIvsgnueSKg.wav,5
TxEAjIycRucIGUlqBzfl.wav,5
TXGNvsJlXrtgcspOrqAs.wav,9
tXkwEqKRMxkhGkoQOCqR.wav,9
txLiIGrAZcljqwuWtrWM.wav,2
TxOiXbnkyNdaIDDGqBKd.wav,8
TxPIKzRqOXLTMQpDyKxW.wav,0
tXPOIISCEmKIXCrJQlzC.wav,5
TxqzrDMuiWIqByiiHnMQ.wav,1
TXSWATkIsrEoDqSufxuz.wav,0
tXWLzApavbxMDVJILOHW.wav,8
tyBYRSVIihCwOasZFiTy.wav,0
tYeOrFvKbVEuiKmHWPkv.wav,0
TYGlcOcKbJaYVdQmWwFT.wav,2
TyixgypJnKhAVNaADkET.wav,8
tYjmGUmzWDJxmxbZUMtf.wav,8
TymKQEdvLebFnFFTuxwU.wav,0
TyMoXWWVsEOohULmqagy.wav,1
TYnzZqglKTLosUOrpRem.wav,9
TYoIzdighElWYFITTKMN.wav,8
TYozSxaBWWaeHwqweAvO.wav,1
typBvESdUXzMBblWuPeT.wav,9
TyphkkSHIoySzILxFRFT.wav,1
tYVcmEhCzhrogDiajFAq.wav,1
TyyQYirOwLowJnvofRIn.wav,1
TzAjaxcaeJpyAjcLqmmx.wav,8
TzAyQZLTWkBwupAMirkQ.wav,2
TZBJKJsIvhKUOKxFvngd.wav,5
TZeaMWbzsVlxAHAbJfsS.wav,7
TZEueAtodTybsvuLqzvz.wav,7
tZhiDbZhHdZzOXTJzWuf.wav,0
tZnrZQnXjnLvdVhFrhTB.wav,2
tZSuVhyMGIkqCaegQOSk.wav,0
TzzjoeyhTZfoYonapyeS.wav,5
UaCprBaSLNGmdKrmdUSl.wav,2
uaDFNQrykTZzBxPhfGXH.wav,2
uAEKYVmwkiHOnwOKOmHJ.wav,9
UaFxrxxozwKLFiywKkkx.wav,2
UaTmJHsZTvYLcZYwWrca.wav,0
UbbJbKzHLJbnMHZATMAC.wav,7
UbeTHdsDfRksEZqmarPP.wav,8
UbFSgqFHRHCJAfKabyXO.wav,1
UBkUtzsDvLiUZkCtjkxT.wav,9
ubKxIxDnLnveJBnIuBnf.wav,0
UbvBHdczqHkdARXIkpkr.wav,1
UbxQehBVmGKXuNKKOOdm.wav,2
ucawjUybSeIrClGeQkBL.wav,8
UcBGBpynxVTjjhEKEjwW.wav,9
ucBsoHUNXITDOvAJpxVu.wav,8
ucbWoIuMNbIXoTOKRLpk.wav,8
UCcMSSECBRvPyfotKTVm.wav,5
UCdgBLFXbIGdZEanyXex.wav,2
uCIipXRFLiRMKIKLAwSl.wav,9
UcogTHBSkYUHDwEdPzmI.wav,9
UcPWJRRgEaHSrMfDwZtS.wav,0
UcUzmzdsVlqQRbKqMapz.wav,8
uCvcdMUKZYWAcOkDlTcD.wav,5
UCylWLeRzIOcEPLuoAMo.wav,1
ucyOYJnrMKMsTLwgWYYK.wav,7
UczrKHjpmlIlUEfdGSyK.wav,9
uDEtQsDFJmZpFxtqyYbD.wav,5
uDIwKzDPdDVaJSTPYVJL.wav,0
UdNBVfTlPNfLdWbIGVJu.wav,5
uDsnEVzhQWSxFQigsCyS.wav,2
uECgXQSyfPJKWTrNVNix.wav,8
ueCIlNpRtEyVxBNtDiEO.wav,5
UefQCJGZZHiXhzqDXeXq.wav,1
uEkjbrXrSgUnBydampnM.wav,8
UElhyjuLawdjBsPlOchJ.wav,2
uelWBRphBctyWfJxqDjQ.wav,8
UEMJEyrpIEdcLNkQXkXu.wav,9
UESbrpZLspQlGOuiOgAf.wav,2
UEvsPcAxaPmHTQCwZnfG.wav,9
UexSpzZXpthFfRsGfJRg.wav,1
uFfMNvCBQNksxwKbYuUT.wav,9
UFIvLnEskkwYnPaXJBIs.wav,2
ufQzSYiQbMDgmYfiGclp.wav,0
uFRqYjIDoCTQeZIubCqf.wav,2
uFUKwzHIYZQURLXLDluy.wav,0
uFWvxfJHnPVFqMyfjenn.wav,9
ugEcparhhsnKKUGrLsIJ.wav,8
uGfnJurInJIJgeDigYaf.wav,7
ugGaDyiwBhnarfNMSHWL.wav,0
UGgCMVRJSOgiAqvBiLFI.wav,5
uGKkXaMvmNbAzaNWywlF.wav,5
uGkTSvwlPsqugFhtCWDV.wav,1
UGkUKvQBDtaJkwOlJQJV.wav,1
ugpMNAJRxaIDRfKxWbAu.wav,1
ugqTMyMjiwRWnRwQYivO.wav,7
ugySRlbTklPQLtyfmoOj.wav,1
UhAamdnsvXJsrFRKvTbz.wav,5
uhahLBKmIMBNxtKSXYPs.wav,8
UhaJZPDlDoBsOvapnTLQ.wav,5
UHdlficHfwokazqDSEvE.wav,2
uHFbuCTwqRKIsQSZEzjR.wav,1
uHhLtAkoJqLXKDVeZxZM.wav,7
uHqxGXikSpDoKWQnKrFa.wav,5
uHuaFZrmSRAOauhgzkBG.wav,8
uHuxVZgMdedkXPGrENyB.wav,8
UHxzvxOlOKGmCboVBHPf.wav,1
UHYqLZzUpwvUwnaMhutO.wav,7
uHZLdXJuIMWlWwsIvBHG.wav,9
UidFyyRgRwApeGSvbwBH.wav,2
UIDxLsEHIInXiHEipYeM.wav,8
uIenMwQqzyZcBGmfqBkJ.wav,5
uijXLajszCDwxmsWHkVl.wav,1
UiklpzuBDrTHTnnLzhIQ.wav,2
UILMoMBxmfdWheiBsKyy.wav,5
UISttOSEJtKQSlrEYHBy.wav,1
uIZEUQGqXdiMhcFXlckA.wav,10
uJDJtOQXwsyjgJUYTqcl.wav,1
UJdRGVEfyNvnDxWISJWi.wav,9
uJEuRGgXPpZAXPRLRBFo.wav,7
UJgBcMyvHPiJZIDvzdYw.wav,7
uJgEOiBpedcllcYDUBPL.wav,1
UJKhLZhiLCdrrADmANRV.wav,5
uJMWZHYkYbSKOlUCSjxI.wav,1
ujnMUvdfpdnwXwXKRGzt.wav,2
UjqEUIhqZCDUDUkHhtNc.wav,2
UJrYfyipMPHBBGGCoMtR.wav,1
UKbvzusLYiCrnDAOvffA.wav,0
UkcaRUmyxPCFUWFBslnf.wav,9
UKhpARaORnarRvzXFJCv.wav,5
uKJBBcuoYcuSRENQthbn.wav,8
uKJyqLLBTeqrSwprDtob.wav,9
UklvdZhEQlVKOjQqwCbY.wav,9
UkNgvgICntmMkDwRbeAP.wav,8
UKPcFRHHsLpOVeuJjlbJ.wav,0
uKPsKeDaJpOYBsvcUeQR.wav,0
ukqcnXgaudUoQwrOjqpx.wav,9
ukqjYVvuQHjqaPxEJHho.wav,9
ukUTjMHtIrUxvvEzPBJU.wav,9
UKzovOpJhuVunAONFKeJ.wav,8
UlckXcYeMkoVVBaaYaGn.wav,9
UlKnGBKCUwdqvZXZQjsx.wav,2
UlqeHHkiSGYygPFTihmv.wav,9
uLvaTXjLbpvdZjDPqsbC.wav,2
ulxROfGlgtZOwUkqBXtn.wav,8
uMbnQAvzbLejFWeBgFij.wav,8
umePJjbyhpkjFKYzqaVU.wav,2
UmGbwuSnybyNXHOXyZkl.wav,2
umLFYoIRxvWgcXDNsidR.wav,2
UmuqISSxNsgyOoRFXbJw.wav,2
UmxOngoVtUlZvxwvnpIT.wav,1
unClNRRfJOPqFCgUTEuN.wav,5
undlkDcPaVlLhYZurpcn.wav,9
uNGTTKkHxMVRHfGUrefl.wav,10
uNJyJabFMFFaPzHwlzXU.wav,1
unKuHpbsOzffFCbaiggQ.wav,5
uNNuaBkklxhjYoVQvIkL.wav,0
UnOBszYRZTDzruQKwSom.wav,5
UnQaKulHsCJuigPjIfsC.wav,8
uNRUVBzANGHrKdvRHmJx.wav,8
UnSJKwqIoLYyBVXtQGuJ.wav,2
uNuZnKnVjDGDOQRofYxp.wav,8
UnWVviuNLDPTYGlwznuV.wav,1
uOedREybWJqPRkbXjvFt.wav,7
UoEVieeReCLjaajwwYEE.wav,8
uoINcOMTgwPoqfwSQswZ.wav,8
uoLVCPeQdKlaiskgNZLF.wav,2
UOPviyXAuEkZGgxYNLgL.wav,1
uOsKGzKJOAIAdUDZldCZ.wav,5
uPCBQiogjRsYvsHNYgpv.wav,5
upcMttxiXAxcDCjNiafh.wav,8
UpgzBqGxCUwoKIKbNIJv.wav,7
upklODSbXUTGoptJOwDA.wav,5
upLDdVtKYVTbotSjeuKX.wav,1
UPNsLrefYGozMYKSGkAH.wav,10
uprsLulliPmSGUCOPgqS.wav,5
uPslCiqNRzyhuVKhjVcT.wav,0
upUbmmfFECoNGwRebDZc.wav,9
uPuJcXqDqysrnYHhxLpE.wav,0
upyfxlRFPYjvyFDFUChE.wav,1
uQlzzrMTypcrFeGDbblZ.wav,8
uqqigNozrePaZbCkeKrZ.wav,2
UQRVnrDdUlZsAHwGBtYA.wav,9
uQuKCAUJoauELmEKUiDT.wav,5
UQUNkEKMzOtFpoSuuodO.wav,10
UqXkIkWPJhbWlnxofWVY.wav,2
URHnrjvHoizVxmRKGlMv.wav,8
uRhXWQtlOtahNNsQrFXi.wav,8
uRKqsjAdhJvZVdGPlaqz.wav,7
URQdYXpZRDRVsDuMFehD.wav,5
urTZEfgScVhQWPfSdccj.wav,0
URVlbyhqtlyBvsdCnJRd.wav,5
urXxraIONhBdwFZukAvf.wav,5
uSAZDuXtRpFZmKKbiChb.wav,8
UsFkdENvLWLCDyeTZWov.wav,8
uSFQnzHUDVECkWHJXARa.wav,10
UsgJBFobFhfvjxglQgas.wav,8
uSKMvFJgDBTOBWvzKAGh.wav,2
uSONUiSsQMVRVVvuAkFd.wav,7
usPmZzBBYdgTXLwURNgG.wav,1
usQGRTKiBiHJUnlhtyRK.wav,8
usQQQluXQtdrZQbiQCnz.wav,5
usRaGfUphjcAfXXdmaik.wav,8
usuZhMZJCZtZPxNzgXPR.wav,1
USVCdCKcemdfWHgJdggV.wav,0
USyJHnCSGhhWQvCbrTlg.wav,0
uTaDVCHdoOhRpswTFcFu.wav,1
UTAWrZtUyMlNuDhqJnhF.wav,5
UTeHsZaHCZiorsgoDQaV.wav,9
uTkeBjsKUMCDMBfLLuTN.wav,1
uTPbRAZaKOSKishyZMjK.wav,0
UTqtFfkAoIQzqZrOgKRA.wav,8
UtRBUPujFuNEjUFodIeN.wav,2
UTshjekTDcmeQJWSVmlX.wav,0
utZFqFjXapnufTUlgaCV.wav,8
uubLASwEVPrkgNsLhoxl.wav,1
uudeWRKcbexcitqOvTxZ.wav,9
UuEpogzsQNVFaBJDhLmq.wav,2
UuGsOFzPJZhrIwFXzKID.wav,0
uulOnNHfRxewmuCpRmIh.wav,1
uULpprQAlIhGhLczcXUG.wav,9
UumBpTlMEqNzPbBDPHpv.wav,2
UuSGCTizgeVULgGOOiPX.wav,1
uutNUjktFHYgvwARtmTF.wav,9
UuWssMKAppMTVmYznrGa.wav,8
uvEgHODDpcawtjQVFagA.wav,7
uvEjvkRKuEQiNmZxJIMI.wav,8
UvkVBKxWzKYndAYXdLKe.wav,9
uVLRGpIdlycmeZyDqFmg.wav,1
uvpkhrnGSwfshGJvAtmL.wav,5
uvpnprbBKWshqYbZloia.wav,1
uVtHVfvijqzNBUnnUDSN.wav,7
uvZeCyspwOddKRFOKLEs.wav,9
UvzGPbaPbJYDlwQUljRu.wav,5
UwbZnTbGnXipKcdvpUwM.wav,1
uwEUiNqyiNjaxpGfDosl.wav,1
UWfIOLIxInousJuScwOA.wav,7
uWfmYsGVtsfESHcPMdgB.wav,9
uwgnNLvzLQEhoAuGWEoc.wav,2
UwhWYzZutyTclCikKcvu.wav,9
UWhyJVasPGPDSxfPwKur.wav,10
uWktATWvIvgJoKzRjrGK.wav,0
uWolFlTnJNfbqxEvqzMr.wav,2
uwrReyVmTcPxCYMFOXDa.wav,1
uWsgEAgWarQKCtPRJdAw.wav,8
uWVHGgMFEqIZbKDjhQSn.wav,9
uXAIQFzNucmNMUdvhrIe.wav,10
uxIkNjtOtmAWBLnCyXjm.wav,0
uxlhPoBtLhYxTLgBEJNw.wav,9
uXSApHpFIfJNdnYgpZci.wav,5
uxscqDwhBSYMqgbjKhrQ.wav,5
uYbsAbyhHwUtikCCDYhQ.wav,1
UYeuQBzgmdKyPZYOaahc.wav,9
UYgOZmjEnssQPNkZxuFo.wav,8
uYkyxiWhJYRWCEUjJtoq.wav,8
uyLKEVfAkLJXrIakPZey.wav,2
uYlSfwNfelDQIPlzHDEk.wav,1
UyPcFLMCgDMkFinTDsKH.wav,1
UYQljEGvPZJxxluRbhgB.wav,8
UYVwFluCvLkYznuqWyXP.wav,5
uZAdlvATLxJKxuIxcwUX.wav,5
uzgNNmxaujaOpvBnBosT.wav,8
uzHDswYiEmyTAnUuHqmQ.wav,5
UzhnNOPiSvxMizcHWlXc.wav,2
UZhURapUDCiAvlSlfOEg.wav,7
UZHxtBnSZDmOKWQPjdPK.wav,1
uzmMGsMTFsuUaHgRJKzP.wav,2
UZnMCcmFvwvXOTZzEvqK.wav,1
UzOZCajwkZMPsIUTRInj.wav,5
UzqdfAHVILYhXdKPotIM.wav,5
UzSfUdmWwgFzOGvFhvRD.wav,5
uZTGlyRggoDIcIkysxFu.wav,1
UzZWTVzwdYPlLggxOyMq.wav,8
vAaNIzcHaPjvfRwfoAKD.wav,8
VAaxBbxDvEnzXsNSVeHK.wav,9
vAHIXHSVnvOtKGXIGKDo.wav,8
VArpLMEaIgKRmbYZSyjL.wav,7
VArtXIzqxCtzYWikUWtK.wav,1
vatcnDZFLqmvMQdhEIzs.wav,0
VAteuWTCRusmDBjcvjNl.wav,5
VAUaOaMsCcEzhRmHwtyS.wav,8
VBAjAeqilyYqrcAbrfzX.wav,2
VBBopzpTTeUQcJZhIynp.wav,5
vBDvfPZlvhzBZylASJoM.wav,8
vbhdEmaVUtbZtvZvDEZM.wav,9
VbnHyfRQXCuGpLzKSKpq.wav,10
VBuQDtAqObChNVbHhLXJ.wav,7
VBXlFaoGAYgESsaJrdKE.wav,8
VCcSDJCtMMUZmhXmgMxH.wav,5
vCJAfkZsHpBNZoMOLbvX.wav,7
VcpPfzOMRvwnlEsNnNtb.wav,8
vcRwQrpCoTbnrvZdyAbO.wav,1
vCuBcMewbdtwKpgEwOCo.wav,2
VcVVYNBDfnlBwmzxlACs.wav,2
VCvZoolmhrGWBAMigaQa.wav,2
vCXpBKinKTJESrUhMzIO.wav,0
vdbcIaSJLBbUGkgtSXpd.wav,1
vdcAYCcSJydyByOorGQT.wav,7
vdCMxeZMNTALagSyLGxM.wav,9
VdcSSjovkbhjcCwjKanU.wav,0
vdEraremRMvjASjmIFHH.wav,9
VDiPrfgcCFjENOkjiSCD.wav,1
vDixKtvUwUVaWBCVkDGu.wav,8
VdMhKIOdZDGMTrlHiDyL.wav,9
VDmIoZWCeuQUzRebibRo.wav,1
vdNSBVHVFAjRjdprFPkW.wav,7
vDOrebcRdLoLpvIIZvsc.wav,5
vDpvEHkVLNjHddjHwFyO.wav,8
vDqAttTwVWiVnzMQEIfV.wav,9
vDRbYsfoZTWpcNZtLRDp.wav,2
vDuasojXNadBuqjGxnhh.wav,8
vDwPFpKuCgNilIeYMSvy.wav,7
VeaemGzxYaQkyWPTIMjI.wav,5
VENKnZmUYzbEpyJZfjSK.wav,2
vEvmyaCaRgRXKtbSNcrb.wav,7
VEWaojEbRwYPggxlGNAz.wav,9
vfBvpwLutfayhlyoXMLS.wav,7
vfCCIxqJUcQJzihWsffA.wav,1
vfDoYllIhnLqaOfGCWgA.wav,1
VFeGLgIEevNMaSxjDGmY.wav,5
vFgmVvNdJhcDWvdxlnGU.wav,9
VfkVvZysHqoRpWjfWqFr.wav,8
VfLOWOvnMKPeSWQjmZem.wav,7
vFmdapsilXVPgzVnkBAm.wav,8
VFMHiPYqThqIanlQfMRH.wav,1
vfZHNArLPzlgfRAhEYaL.wav,8
vgCUFwggjjLgoRyMfGEg.wav,7
vGwHmyDAOqCbDMusuBqD.wav,9
VGWLIaQaqmnJoUqWkQBi.wav,5
vgXGXCgbrpQdlywQwAIB.wav,0
vhdjnEywHrFFWmsIrnII.wav,5
VHdwPHTmxuFnGtADxqJB.wav,5
vHJmrHHzlxcUBFoEfmmm.wav,5
VHmYCdUpWQymToKyJfnt.wav,2
VHPhZTVWINTOsjJqDSuy.wav,1
vhSyawfIagBdgHQvUBoU.wav,8
vHvoDSKMZxaUFfqWGQBV.wav,5
vHyWidWMeaLBBfjPCmXz.wav,10
ViAuBxKpoMSFtLgLcVuy.wav,9
VigUZJWJrgHWhghxXJup.wav,10
vilLIySHwjZJApZHKsXg.wav,7
VIOWMLcTFAKDBgCmjPmh.wav,7
VIpmtIxIrGXnFVFyGqLV.wav,10
viRARFLKelZmOQkCVuaJ.wav,8
virSTqlDTReTrABJvjLR.wav,0
vITCxgvQFcyHFrSorUrR.wav,2
vIvDIUZtiGKxqHhZHUwk.wav,10
VIynprTKryziywdWSXqT.wav,9
VJmDDARyheYgekLjbfMY.wav,2
vjSCZDCpPmrIAHlpcFUN.wav,8
vjSIohSCNUSfSEIMEyOR.wav,10
VjspfFjduVWFaMKJpRov.wav,1
vJSXXcDkjeBbCYLbzotm.wav,9
VjTeEBKZszKNaCsjQDqh.wav,8
VjWvtladwSoviAVCCiuk.wav,8
vjXviaBNQlGZmmlcZWJT.wav,5
vKBFABZQLmzlBoCJLzlc.wav,8
VKFLmybjRQaHshBqHBiB.wav,10
vKgSHrlHiAsaaKHfdiuD.wav,8
vkOalcrFCAkEOypihGez.wav,5
vkQPoMHwyBAFmzghbqsK.wav,7
vlaZRPXQgmvjbmMRvBON.wav,2
VldyQoxhMIAufcNzoYWw.wav,5
vLEyRfSGCWOLfaFCZOgU.wav,0
vLndejRusnuPlorLysWW.wav,2
VlojcaGoqQWKqIJwKjed.wav,8
vloQaBSMEesCXExvXIsI.wav,2
VlSZpqwLZMzgEaqSDEIZ.wav,1
VLVcbsgIuaGbuctrDdog.wav,0
vLYAmEqStaNETQSJAcTC.wav,1
VmFCSNUFqbMjleKsTnnv.wav,9
vMfgXNgTCGVuUSrZlsip.wav,9
vMFoqDjuZGXxOwJnUjhz.wav,10
vMkFEUMbeSofxpVXkucU.wav,10
VmMHCaFCuycjiSQHjrdV.wav,9
VMpUlbDebqsFuSFagbrK.wav,10
VMRAYDLbevzCOnoXYvVH.wav,1
vmToGxokLHJJWMSdjhSY.wav,3
vMvnHRCqPhTUiPSMkeuO.wav,1
vmwCgHwIiVEzyzTxbhYn.wav,3
VmwEDJuiEwpGuTFhIutw.wav,0
vnBXkXkyXJCNBYODYyPs.wav,8
vnCCvVtRMquxzMEybfMy.wav,5
VNisXJiKGTcDxfDbkFXN.wav,5
vnKtUPOUkOSRZrojfsVz.wav,2
VnltMEgHsiFzjUInnocp.wav,3
VNMobCtbMQcDxDNuUSyX.wav,3
VNMYxWiHvABuVTOHkFAZ.wav,3
VnpFcOgavNBYJUxxAdtU.wav,3
vnqjWraNXJyPXkFaawUa.wav,8
VntiHtGaRrcgHMWKGfMl.wav,9
vntUjABGtyEgHPrdIwvT.wav,5
VnxldgQMsAuwcPHCapTh.wav,2
VNynzwqGgGzDvFSHpidK.wav,0
vnZOQmWlkdgPsCflWPnT.wav,2
voahPpkedNDytUzyKlxm.wav,3
vOcqDrOMeUJUyTzRxHpg.wav,2
vOeTtYcgLnXtadrRWGcD.wav,2
VoFzPbtuDYHJgojJTMyt.wav,3
vogCqureyencaymUcOMN.wav,3
vogluygbhPmrmEnsHJAH.wav,3
VOgsYypCvrlqZFIdcsOJ.wav,9
VoLuVxOBMnsdoqMJmvCO.wav,0
VomouqEeBOUkmphNJKUZ.wav,2
VONFVbOqzqgiRqXefoAO.wav,5
vOsXdQmZCHSKlCMyffiL.wav,8
VOSYiNCRVLuSVgiSGFDb.wav,8
vOtyGIQUSHcqunMrEvCh.wav,2
VOUrGDkXwQjkawuuUlHr.wav,2
voUXVaTHWJAmQLhZeNCP.wav,9
vOVQUwYUaataHuBsqybT.wav,2
vpBvxosDGbyqngtjhzBC.wav,9
vpbyUfeFBBVvNgTEBXms.wav,0
vpfzPMgwsbvosazzHgVO.wav,10
VPgiKXVPHLntFuBDHuEP.wav,3
vPIwBypHXuOmYbRgwbtc.wav,8
VPKIesjxoVPuCrbVAMeH.wav,3
vpPEtPCeKGdjOghWDQIN.wav,7
vPrBTTCsvogADpVentAh.wav,10
VPrmvQySOVXuODOeDIRY.wav,3
VPSsbAJLhSWZyXOdFOmx.wav,8
VpXFvmooczmALLFUTyfV.wav,9
vPxkLIocQzbUtUbdhGKG.wav,5
VPzTmejGghUEaEMfKJrF.wav,3
VqCEFNBkXEnAlVIXkdnR.wav,1
VQEDsyhAGsaZgCOURykC.wav,2
vQkdvRBxDOOwfStianQC.wav,7
vQODVcIBXaPlgIEFXUUK.wav,2
vqOkRoBTetiNHpUXKhAa.wav,5
vQoXbXHPmzMZfkelvynx.wav,2
vQPKboCWNxjuAxRpjdls.wav,1
VqpudioWMPOHoXnYMpzu.wav,5
vQUpZBJZPDYtXnvkQPYW.wav,9
vqYXxsLODxvZhQBhfEkH.wav,3
VRcEtwypQlpZPfzREYZS.wav,2
VRCuVpoXLreISSAyKXzg.wav,1
vrhFOwntZJYlywtSGPHL.wav,10
vrotCZYZUsWLOClWkoUL.wav,9
vrSytoXQHEYKkarhUxTQ.wav,5
VrTjGmTeyoIDhNmiKeFy.wav,3
vrTyoBrIAAzzTqdxMkoc.wav,2
VruVBSbOJcsAIoEishsk.wav,0
vrWadAFLmpyDkxdyRlfM.wav,3
VrYozRnSSiTHovlfRJqM.wav,10
vryYNEAKwOjvGWdGKNSN.wav,2
VsBIzADIeHPAMPioOQvi.wav,1
vSBwmvilRQhGgkRwoRdt.wav,3
VscFuTSZGRjFqLNtjyvO.wav,5
vsCUIJJCkOYzeLufktkC.wav,0
VsDxQjbyYmviKEakEHyw.wav,10
VSfySMHgKNjhTwHCBaMH.wav,3
vshroWGCXHEwGKQlOBAW.wav,2
vSjINpXCUcLfBAzPNYNr.wav,8
vSKXToBKDxhsZisHCyTl.wav,10
VSmpbDzDuJVZABPtPekc.wav,1
vsquEZvldtxVGayhUjdM.wav,0
VsQXLhXpVPKsfPQQJtad.wav,7
VsxQdoSKJfIdAFDIgVOP.wav,9
VtENibxdoQKETOgSnoTP.wav,2
vTiJEVrPbUzHgcNUClgY.wav,7
vTIPjQxDlgONhwPVSxJW.wav,3
VTlCqQRwPmvoLFNRUqHV.wav,9
vtMpyCEYRiHjGyolxEpa.wav,10
VToJxjadNJjmfmhjKvir.wav,5
VTqAltoYCcCCEvHarPMe.wav,8
VTQyiDkOkOuJPObYCwjH.wav,3
VtsESPTLvHwMQwYwbUrL.wav,7
vTyjySwrkGQhOAVJTIis.wav,9
vUAhBIRcMimTwyFddRLK.wav,3
vubKjRsqBedUPtfKeEtU.wav,2
VUejuHWnlltvWjpCcLdQ.wav,9
VUFuUEgerxcuIbysVEOd.wav,1
VUiHTRklHKvxjnzWcWAh.wav,5
VUiPhLuxrBbRRJQUTaVm.wav,2
VUkEaWhonMGdflFlFKsh.wav,9
VUMBVDaTSrgrGrdEFzDa.wav,0
vUnMpiFeNEjKQfTSpHIu.wav,9
vUPGNCzKRdXPSzmOEmcl.wav,2
VURQXoqFzLHYFiqpTnmN.wav,3
vuvDUIUfjtXkIAWDSIdk.wav,10
VUxraXGUVNBoqHqfRpPY.wav,1
vUxwIFFaZifsXZGVyJHX.wav,0
VvfTgHDJHkxQnWcmNEod.wav,7
vVhdDnWaBcrKjrhaJMMb.wav,9
VvhJjKOempUmaGCtlHBV.wav,5
VviCiYtGSunauuWqJovl.wav,1
VVjTnfUNlFTxBlWqVYPR.wav,0
vVlaIFyNILMMXqaGymUT.wav,9
VvsuoGorrRTReYMVqlxj.wav,8
vVTNpjJPJhYLFoKwdOie.wav,3
vVVFJthXNSWGDCzmnGgd.wav,3
vWfTrxZxOhYrLOXTzvYz.wav,0
VWfuvQOpfRicUYSiIZkO.wav,3
VWFZCDPgJKwxaVtjuSAA.wav,10
vwgYAeYPlVYsoEwlmoGV.wav,1
VWIESeCDjJpDOlqJVJyj.wav,2
vWoNDBoHDWyqnhKjyXZF.wav,1
vWoSzWtdxaTlzMZcGAXy.wav,9
vwqzpqgYtjZiBeCGjqiD.wav,1
vWrcyKgwQQhIgYQlxcQE.wav,5
VwscFSrHtdMxVhmZveAP.wav,3
vwSWOMRHyYJTrOpfwTaI.wav,2
VwufciTvHjegObAztrwp.wav,10
vwWBYNCQjrNVBnMaZBYQ.wav,10
vwzGBINWKSEtNGeFdhbZ.wav,7
VWZnYafpKFftsmeEMkrl.wav,7
vXaNJkntKLTtzIyiEsce.wav,0
VxDobUeTijRtjRzkrSwF.wav,8
vxEWizRSVTVNIqXKqVMv.wav,10
vxFBfiUIYnXSVBMosQFO.wav,0
VXfoGVgZEglWDpKzKfPL.wav,0
vXmfiwTFMBjQYagxVLDG.wav,2
VXMHtnFSOMZXuoKYdduw.wav,7
VxOagUyyzhGOpHLRNEtA.wav,2
vXpGAOJVNHOcptBquUyY.wav,2
VxrIZKDqgxRANKLrVmaE.wav,9
vxshpIVoAUUANDgZxcCy.wav,9
VXSQlvodcpLCSnkMKwhm.wav,9
VXTJZuhwtRFIWGALOEwv.wav,9
vxttATXjXDsfgykAOXYI.wav,3
vXTYtbSzbdPPygHJguAS.wav,1
vXxvtwAFXVEVSIikzxYJ.wav,7
vxydtKYXvDvwHPoUJsuy.wav,3
VyDeoNpwfFiCoFVBZfUB.wav,7
vydLBwSHgpAgydPJRAGz.wav,2
vYgBPOaEitjVKTZMBNIo.wav,2
VYGOVuIeasHKdvAJeXoO.wav,9
VyhEvxZuUvqaOnZsGORp.wav,10
vyJfyvKjfFUCaxCDdsgO.wav,8
VYMgiFHYsjjzkjHjTkrb.wav,8
VynmQvQzelIvvfovAqLn.wav,8
vYODBJFZWgVffcfqbRiY.wav,8
VyQspArqpItzlrJMqKLN.wav,0
VYQsRFwdMnNimzXkqBTt.wav,9
VYrHpoLvjHIULeiIfYOp.wav,7
VYwcmJubAhtnvgjnhJmm.wav,10
VyxyTzZTRwIWYfDtuQCI.wav,9
vyZbAGluGyAQWwKPgZlk.wav,1
vzfMHdCnopqZCUqiHVjr.wav,5
VzhjbggUDAruCjrkJwrz.wav,8
VzIgJWtahlLxrtPCMpyS.wav,5
vzIkOWzKqXKqCOsHABvx.wav,10
VzKWaWpBhGzyicLLfBcT.wav,10
VzlqaGXgUIeIyAvXoCCv.wav,10
VZtpchacZHidLoeNmRbm.wav,8
VZUAPKiYoolZQJfpzSbB.wav,2
vZuuaadwEcoRRJSSirDI.wav,3
vZwrqHLVZONJuwbBCVEL.wav,9
VzXWsDCXajzzfKpEOwnI.wav,9
wACHOvInmBAhoTQTlPIT.wav,7
wAcSginpXOVDraUBjKUt.wav,7
waHTzlCqWEzgYwGIcfPb.wav,1
wAKQaLDQNJfZiMmhpyjE.wav,0
WANRPigfCpRygKVcFknw.wav,8
WaQTBzPZtXVzWdLCariU.wav,3
WauhfIfhVfuZTjkgcqAN.wav,3
wAUYXqKzvwFRfTjfWcqC.wav,10
WAvVygeHfnkjDYdlOMQj.wav,2
wAZYWtfNXRCcLaupBqkK.wav,2
WBChuWogNpaGpxljSLtA.wav,1
wBDomumaJZkTKTADvSET.wav,10
WbFuNFDhZurENCBATCSG.wav,3
WBgYiyRjcXUAEqYSiwMo.wav,2
wbHiQpfnNLuHkLZCIFhG.wav,9
WbhlpJJWsKcUdEBQHfgM.wav,1
WBjUaarpjkDvYuYyqwPI.wav,3
WBOPcaQHMJdEokbMSIVf.wav,10
WBPGLpvyiPBGOoufmSAU.wav,1
wbTIVTQalhIhhOjSdlGw.wav,2
WbWmuidhgUwQBQOWkSiA.wav,0
wbyJGJKmiCPaTYMRPqKh.wav,10
wcAdgjxbbkKrAkbQfEAC.wav,0
wCArlrYShjarfLmTedvM.wav,10
wCasKHJUWonGtaoGSXXw.wav,1
WCbrrDPnYIGNlsOmJXaV.wav,1
WcEPDNUOBKwwojchTVHJ.wav,2
wCgCNBqDBiBkJNJrlrDg.wav,8
WCkLTeJefsgKuvCdriHj.wav,7
WckLUNOnPCwJCTPgwoHF.wav,9
wCmLmtFHglLxetnYjNZu.wav,1
wCNDuSVkMOWeWtWQeQZh.wav,9
WcnQDBCcRYwNqmvbhdvH.wav,8
WcNyCOBTWdEdKidCNspx.wav,3
WcQGbdLYcoLXdJmXGlku.wav,2
WCsbQkVQVEukyLpIVyfO.wav,8
wCSLmVKTEsYPwuMzdwiY.wav,0
WCuQOBuNVvnEjTzkdkaR.wav,0
wCXOvdlHXkOoQjCUZhQP.wav,10
wczNPemudzOoiJDYcmQt.wav,0
wdDdJwyaCQoVDvxruIwM.wav,2
wdgBillbfWpZQMQKKTrW.wav,0
wdgjZiqiLLPODbWUBdkP.wav,3
WDgTtOBqpXLIHzyHHmiy.wav,0
WdhGhGxDAGBIuBzhrakK.wav,8
wdHOQhNXLAZiMRnuDfuM.wav,1
WDJkiLpaiizuJbTtzRYi.wav,7
WdQvTQJXLWxGMeiBnMgn.wav,0
wDXzTRVOgVXlFSYZhQUL.wav,8
wEceSJGSaPmuybuJTgAh.wav,2
weCLYnMiJPQbEcPYrzVc.wav,8
WEDitlYElJvbmiwvkAIf.wav,7
WegyofBUDRqCfqdZcUXh.wav,8
WEgzxdGfusWTrSghTktj.wav,3
wehuBbcXxaBptdyhYltT.wav,5
weiOLOEtzjWzoJybcgTu.wav,5
WelocvpUNShJKfukbVBg.wav,3
WEMDEBzfXslDLnzBvBEs.wav,10
wEtvMkkkAOrIKWpqSaXJ.wav,8
WeVxWIltZtFfuCGHKvAy.wav,3
WEXRQeafvfDMOnGXwoaJ.wav,0
WeZdkuQhKySgvVSuuSEL.wav,7
WEzzWKXOHEjZMIRiCnzt.wav,2
wfcdboUtoVzNtolTbQNc.wav,1
WFcLdUBxUJSXIUgbMBDA.wav,9
WFfzYhcqFOSfZzpAkexp.wav,9
WfhQTizLTOkKzrwhVhbN.wav,2
wFIrVlCKkbpAkyryypbQ.wav,8
wFLXJTQffFusUbMPbWkC.wav,1
wfONFLQmGMDCIMXuDkbe.wav,8
wfOtUiFldpdkQLOnAGRV.wav,9
wFrUvTJwOrYCpvCDOMxn.wav,3
WfxsPXbrODTsmdlNGCqL.wav,9
WfZNlCnEDXANOzGiYILr.wav,2
wGbKcmlioaedOONPaAWt.wav,10
WGdJnIaXoQjIyXOPtKkT.wav,7
WgfMdnDVWXgWLjELiYfK.wav,3
wGmhkCmEUmOOlBdcnnTx.wav,2
wgsSxwdKbuyoXXjmdatC.wav,5
wGuGBitTuCQHyyaSfIeC.wav,0
WGUHnQtCwJVAHawcpVZt.wav,5
WgVBndcTCIphIbHEhccw.wav,9
WGwdLQYKDfFDvuSjRJog.wav,10
WGxDcUhnEfjphqJpHvdX.wav,3
WGyocTFhJVJJiQGQOgel.wav,9
wgYvFKZzmAFVYGOYRKyN.wav,9
wHEobbohvAPEMscRDfel.wav,9
WHLdiJFrusevWKOUwqzp.wav,2
whmxPJZejhlfrYwuoPtc.wav,7
WHNbCKdMxjxuYmRepzyq.wav,0
WHSgFeZdnNMKhBKCQCRr.wav,2
whvHZPakvbiXFYryOhAE.wav,10
WhymtTjVzsRRQmnYfwJX.wav,10
wHZhOJcOpMVzBBaLEGMs.wav,3
WIBNPSatEvInPUARhLhB.wav,3
WIegynWAfGcOTnEaMTfp.wav,3
wIogNrPTVKyUPBlnHlJr.wav,10
wivNCnYoUcaDhzujrcom.wav,0
WjDAmitWUAjKGgNuXAmf.wav,5
WJfQEWWVKsVItyWwNwQe.wav,8
WjFrtbYsgIALpPEFfhZs.wav,2
wJgVkqLmtmGOMukCrCCF.wav,8
wjjJHJYdxAqReSIoLTWz.wav,9
WjllUdmOUWmzqWWEIJPx.wav,1
WJPeJJEslEtBdETozfbh.wav,2
WjpwyFXwHzEPJGCbmnJd.wav,5
wjRwvZQaELfWlqzWpGbd.wav,9
wJsFcYncYgeirVPnQSwF.wav,3
wjSudbmUFZGgSoZqbfLs.wav,10
wjxAVOAvLlGiTHKdAZVU.wav,3
wkazoGoMSdTmASqWTPPe.wav,1
WKCbCbCcXdBLuhURcvNy.wav,3
wKDZiMAhvjdcmnzdeHHi.wav,3
wKIARAnCIEUuVGspJLOF.wav,5
WkkLsnGGYLkLEeeHMpHJ.wav,7
WkmDcmkWgykwyKQnKXou.wav,10
WKrNNvkFDhadWsWkxHXd.wav,1
wksFLSSFjWzKSEgKscoA.wav,7
wkWuqVOioCBgzUEdJymN.wav,5
WkxFvncDRCaqjXAxpggs.wav,1
WkXVUbngeKaIXRRmOQvC.wav,1
wLbpWvmbDgndoARwKUoq.wav,1
WLdfqNIIAkZRJgdrQyVV.wav,5
wLhUWZyuGJxHyYMvJFdi.wav,8
wLjvAxfWMcFAhmDhysFi.wav,10
WLObmypVkPfzqtUczuth.wav,10
wlqUAInodJqaFBxTgasB.wav,0
wlUGmDebOChdCwDjkRby.wav,2
WlvuAlDvethwNeUBBSWJ.wav,1
wLZXchnfSbxioLPWPigF.wav,2
WmaSqoCgqQGskGCXsmow.wav,3
wMbvENrnvKxVOvjTIDNb.wav,1
wMcVLwmCagNkQrHDmkeM.wav,5
wmdfxdfcsGECgrfQyJSM.wav,9
WmnpifOyPgzByxLQqVPR.wav,9
WMNqurOaFsSHaDfOESLw.wav,5
WmOfSnIRIjreEEFdMpMd.wav,8
WmrJWzDLjuZuXWZbnvbp.wav,7
WMsrzqbbnPOFXflOGrEK.wav,5
WMtlAiQjcJfKjqkjOXwD.wav,8
WmVkFHwcOToOIprAGQcd.wav,9
WMxSXdHFGQykDBXhHLPS.wav,9
wnFOHqwkFLdmTuCoFfXe.wav,9
WNGyEvPTvSTuJLaLIZzL.wav,5
wNJeSlRXKXItSwQqLXIW.wav,1
wnpcdZJLqFNazBmJRfvC.wav,9
wNqaRlsCMUpGewvxHmlc.wav,1
WNQunKXCFpwDCDFDfbUT.wav,3
woDIjLCUjGjYTGDKBxnF.wav,9
wODVjzAuXqepVNwMWkNe.wav,3
WolCwDidJeDHBsmRWsJE.wav,3
WOLkTCcVRxhScoSZTETl.wav,7
wOMFSmMBhVzNfwEsOsJT.wav,9
wOMubdbpkmjLCOkCRRla.wav,1
WoRhNvZBOpBOXVemnzas.wav,10
wOTTGzbwgHedIaMtzilX.wav,10
wOyRsHfAhNoTdQPMpjKW.wav,10
WPasgaLyqbxjzPcomaoY.wav,10
WpavZzZlEVcajIncREfz.wav,8
wpcglZOHOQGaUlmkTZMT.wav,5
WpEHbqllfURYdGXMzZNz.wav,10
wpEKktnZEwmIblJqkKtp.wav,3
WpExldGOqYAhdmPTslTr.wav,10
WpHNDTYTbQxHtbmfVHQV.wav,9
wPiyeByLIVlpqGLkDbqa.wav,3
wpjEwttnfTRJzcIZLAyF.wav,9
wPjOSElDImQTSFXOsBgw.wav,10
wpNLZLHQLjdMradhuUjC.wav,9
WPPQFXRBDtuYgCeeMCab.wav,7
WPrfCHNPasHzWtBlvhHo.wav,5
WPUQtaUKYrttLZrKimFh.wav,2
WpYarMnudIJniyJqKkNB.wav,5
wpZQiTnqGDGfAeZNvREN.wav,0
wQATUZgNEjjMsijjDjxi.wav,5
wqCRjylNCgqYkFAJyWwi.wav,1
wQEIsxFixaBJPYpdWyGI.wav,3
WqENlVgkjruVkQrvKBrS.wav,3
wQGSAMyCtrbxLTKtNKgO.wav,1
wQiYhCOYKQqJqdAhBJMy.wav,9
WqjQBIYJUyLWbxQdckaA.wav,9
wQKqoUoqWnFshwlhFIex.wav,9
wQlqfbfRhvQgmuDvTRae.wav,9
WQMXybIcyHZwAXvPassA.wav,3
WQpoQfkoaFjpRwPzEtyp.wav,10
WQsPbwMyRzBiVsQALoLc.wav,3
WrbvvZDdqxnIrFzMcvam.wav,10
wrHseETeDPawfwPybSrf.wav,0
wrhZGFXAYfxIyggWUzDG.wav,2
wrJcUTcjmHAqmjOGMiuB.wav,8
wRmFFyxTufuGSdGcYqZZ.wav,8
wROvpwQTUZvfARMccCdV.wav,3
wrqJFgDNEcsFXFwRHuAC.wav,3
WRqUEyqEwwjIZQiCDkBx.wav,7
WrrGgrBweguOwBDxJOiP.wav,1
wRuaYQXcrfSwWZbHyucM.wav,0
WrWHsVYkZHTdyGhjvhcg.wav,10
WsAENxBRBuUzBDXsbwAB.wav,10
WSarkOmBCRYjDgBxJgoW.wav,3
wsDtmOZGajFaPRNQsfON.wav,2
WSjEJFkwJmUDYBiYTXKT.wav,9
WSLhzUiuzvbgmOrUoVDd.wav,10
WsLnKHMKuEfigKQbuDjO.wav,8
wsOFnbkrtQljQOphfCdj.wav,9
wSoGfDDkohdnSmZdOgMK.wav,10
WSupTHbEyEneXdDjajMb.wav,9
WTcCjiWJMzRbZaKaCzZj.wav,5
WTCKZDyGyjOldqBaPqaH.wav,3
WtDeSbhapOJfTEkZIsfP.wav,3
WtepqmfakpjxGBhxLXCU.wav,3
WtJIktrgXHxpqWCQvKsE.wav,5
wtJNtmaKJyupiQUDnLGi.wav,9
WtlitESUPSzGEREIrbUS.wav,5
wTrEsDGZMEtfvUYrWWlW.wav,9
wtuYCRAokKjdTmQaKhWR.wav,9
WTVMoKFlfPGYavJwMuvz.wav,9
wueYnwbfTxAySHROVNMb.wav,8
WuhAamCQvdhLiWjBNSYp.wav,1
wUmRSpnRenKsFIJxYOKS.wav,10
wumZLrDhvRRFkspcFCrc.wav,0
wUnUjHgnMVmxBykbesRb.wav,3
wuovBafywWgpntSyAClf.wav,7
wusMzNzgvSlNVqDUJZlg.wav,0
wUsPBCCIxwNNvyNZXYWB.wav,2
WuTbRqYuZDEEOAPOnffm.wav,9
WUTqZAtarslaMhQUkxzN.wav,2
WUuzcIXfmOWYsyUptTVz.wav,10
WUYCwsQcAwAJIfkQgBHi.wav,10
wvBYXoCCVBOyMwynNYLK.wav,10
WveGzaBgqRcmlCbyySis.wav,10
wveHguxOUaNbYjPsPxEQ.wav,7
wVePXjLvcDOrxEAMYrMZ.wav,8
WVfJpIWSKJHZvaciAZty.wav,1
wVgrskZkSsBqGamqnHHQ.wav,3
wVhHfTUfHQaBeKBjaQpD.wav,3
wvHSwCFcLlrLHyGCVUFU.wav,2
wVjXguhVdtcAIbhlKOYD.wav,2
WVNeGqTggzjbSNLyzEhA.wav,0
wVPCcWGlcofSnnFnAoEC.wav,9
wvpVZnuvTWVfcgUSZciH.wav,10
wVRSHxkWyhRMujsbUGji.wav,5
wvtTzTnDrEXbDldlXjzq.wav,0
WVuvcZHsmklyuTKEvpwU.wav,3
wVyvUGhKBJDMtSdDUfzj.wav,10
WWhvxqHwVLdGaYJnOiOV.wav,10
WwjSOwGkVOllsXumxALH.wav,7
WWKSQcxnqWmtFUfMxgBg.wav,3
wwPBxFVcyNnhRyihKoEe.wav,9
wwPvlYmXSKIRFrscffBj.wav,1
wwqdGEiXDIQpqUMOUAzW.wav,9
wwQzSYOjstZmgdrLriPr.wav,7
wwVJrZniGeeuCqfnoHkC.wav,8
wWwYotKravqjhJHjUFlQ.wav,5
WXABpeDNnrtDgUBlxPXA.wav,10
wXahhCwGbxfgMXUoyUOG.wav,2
WxftzeTubWVMKFxKCGUu.wav,10
wxHCrgtisDHKQzVwtxKj.wav,5
wxJdxhMDNFfSJYbKUNCs.wav,3
WxkVZAdfPWhDcRXXVtem.wav,9
wxLBtrauKnfipVxmFtdD.wav,10
wXlrTlWQSGYhWNvBpiBN.wav,7
wXLsqumurzuhDaSEcsZs.wav,10
WXMGSfUjoUssufoDknNv.wav,5
wxmSGlrKvZNbeCzsQkhf.wav,9
wXogUEmjZhpsxjBUObbV.wav,3
WxowWFWtNNljrWyAvljS.wav,2
wxpCPTfissFDPprqMZyR.wav,10
WXpKeEEfkrjvhuAYaAvt.wav,7
wxrvUxOgbvlabixWxabn.wav,2
WxrzlBoaXliSGTSYqZuL.wav,10
WxSInYpcfDkqtrCPaBUM.wav,1
WxUPGOsyAMCrKJwSTekq.wav,7
wxVewQLRieDHDazfiIQO.wav,10
wycMoiSPHSITcIPoFlHi.wav,0
wyHjYfIToPPPOETerWbc.wav,3
WyJxVjWtKLjQDrlyYQKG.wav,3
wYKleNcjqVnVEUSAoddK.wav,1
wYneiZouTyQoTZSdIVVI.wav,0
wyNFVHiWXBfeYGfMpyht.wav,10
wYogMbbvbgMZnoaeoJmz.wav,2
WYPTYzbfHSZJWIOibqUi.wav,5
wyRparxaVPAyKoSowgqT.wav,5
WYsFjHQgFdfDngzIimTU.wav,1
WYSPnFpqkojyTzcudBoP.wav,9
WYTSKONBERGlstjyMcmu.wav,3
wYUfxUvbLvbDGnZHCFyr.wav,3
WYvOEpxMZrVGLFZKakAX.wav,1
WYVYcXUbZGpRgkvXtusC.wav,3
wYZqXycSiIVrfPbGaceo.wav,2
WYZvfsyZrlQwjBufbktO.wav,3
wZaEVsdSlDGuZpkXOvYf.wav,5
wZAREsmzdsJoOVZcEfQd.wav,0
WZcyiJbqwlEJrNTzDYVZ.wav,1
wzEXISQDLubYZrBnQmHJ.wav,2
WzfptboAWQNCvkbJyjAO.wav,7
WzHlPBTVNkgYtUiqOpSJ.wav,10
wZHuiObTitVRknoJqYvC.wav,8
WZjjCLWoCrslwNQwgbSG.wav,0
WZJpWOetvQtzHignIWEI.wav,10
wZQBIvADYdqMWPXpLyhF.wav,8
wZqiszQkDJhYtXegbcjh.wav,5
WzvdSbwMvYjBCctJJrxR.wav,2
xaCvyPmFnJIErXziolZA.wav,5
xADrjUNJLgjJHcbJekBF.wav,2
xALccJHfDIpzBtaXmvjH.wav,5
xaMSdjaCsoXfLrBVsIgE.wav,0
XaryRWTUanVdgzFQujqm.wav,5
XAsngvIABPrUtICTFilD.wav,10
xATkOwwrlSoVxMDVOLTl.wav,9
XbcKHrJkQaecwkHlEmSA.wav,10
XBIEPHItJILPpcrACdUK.wav,1
xbioLeslxSPgYJfNhvvN.wav,10
xBiYElRNEEKItsJySYgd.wav,7
xbljicVNaabzSWwvarNB.wav,0
XBoeAJREQKSDGLkqIOKb.wav,7
xBoYyRmhHYgdlIwjUdzI.wav,3
xBpOEMUOAoNYIuVRMvxp.wav,10
XBqtRTrkuwsIiTFztCvJ.wav,10
XbSlECWaISrWRBTjOOgd.wav,10
xbSZCWlJwwZhissirguj.wav,9
xBWTRzRaHmEdiiivoEaT.wav,10
XCarBCrMlhslAfyMcGcp.wav,0
XCcIZDUKdtJoWlrEENoY.wav,9
XcCrWgvnHtmSGBlaCYny.wav,8
XcetVJafyQyASyPPoetj.wav,3
xcgIhoqianFrPObkVgBp.wav,1
XcHaSYDIjhPhzpFckKpc.wav,5
xchbhGfEpAZolSPlyjqI.wav,9
XCoIYjeFUuRvPopixsdY.wav,3
xcsLfRnbCxlgWFnyPbyz.wav,0
xCvClCUOhrpfiqHaIsZu.wav,8
XCwYdbGpAzDeGIGdnAbP.wav,2
XcYZXfSuOJYHLkWyRxdv.wav,3
xCZjvWCgGruEWqxIKYQl.wav,3
xdmwdlFJBxnTDJgWaZwF.wav,9
XdnmmJUUMLndZqQfzVMK.wav,9
xDNSOCYHOnrmypdljDCW.wav,0
XDpqEAtMoRXcnUFHgipZ.wav,5
XdtwcbTuazJHoYlJMdBH.wav,3
XDXBVGJZBmYTpjwKguFP.wav,10
XDXukBldfJbTwDomaemP.wav,8
xEBeMtdkPpmUeqQpzzsC.wav,2
xebpZLXINNhQCKMLHezB.wav,7
XECCVGEMhieheIrzaEFk.wav,10
xEdbWtxdAJaySXUGEKEw.wav,10
xeHbEmpymFpfVcYEylnw.wav,5
xEOfMwDDGWUSEoDErwil.wav,7
xEouJJDiBstEdOyCrmtG.wav,5
xerRdEZKwWwtTaEuvsut.wav,10
xEuiuRuxVjCslPGNzzWN.wav,2
xEXVXIAAoZjegrqrojNZ.wav,3
xEzDdoDeuorXNCfanXET.wav,3
XFakuoKohKndXboJBTSC.wav,2
XFBGoEAUGqoVTHUvgFuL.wav,9
xFBVBnLjteFTYEpFKGat.wav,10
xfcwGDjJCVFVOuFDdjZZ.wav,1
XfCxSXNIhDbNOvUbgWAu.wav,1
xFeKHaULIfAkyaiIOsSK.wav,2
XfGkMgDcRtmIhDXwaGlf.wav,7
xFIuNuqswEuNcRWvlZaP.wav,9
XFPzDRREZwkZfKJlozfh.wav,5
xfQcsprvIdSmGUdBURmO.wav,8
xfqmwJYHNMupZEyCbkPA.wav,3
XFRfDWpCRaNfJMfIIQOG.wav,10
XFWlRdIfqNPyciXGnOHG.wav,10
XfXlUtICyocJcraPMRhd.wav,9
XGCoALySatEShLFZTOYm.wav,8
XGcWVwXTpEOUJVqgFnDZ.wav,9
XGdxJgpVASdBvJfiYMWV.wav,5
XginJzmCkAcYRByuLZHK.wav,9
xgKotbzqkVWvrEcBNUko.wav,3
XgTnGoVrkaXlzkQQNSkg.wav,0
XgVFhxBfwydgtriWUcKu.wav,10
XgWBEqdzfgAhWJIJNkOx.wav,0
xGwlaTafMDSYYheqnnSI.wav,8
XHCqSJzAKzDHkbKbIMxr.wav,8
XHDmrRtMAaneDvUDrrqr.wav,5
xHfHrFMXABHTWgRzJYEv.wav,0
XhklJFqvIHAhTDQzHBml.wav,3
XhpSAmiCyWHbCpaFbwiu.wav,7
xHQRzSWPteMbpgCOcSuB.wav,9
xhSVoFhPKBGtZFQyqOpY.wav,7
xhVjaFzTkqexkRtEmbMs.wav,8
XhZDPHpVZqgnDwoAUwlh.wav,0
xigGtcLtTEPDfMpLnpwE.wav,2
xiglArxBxxNHGsdwAJpr.wav,8
xIHOznqEkDaPTIbmGVxf.wav,0
XIhXtEGPlzqxEyMyVMTb.wav,2
XiiWsFlRqPfkFvXGagMG.wav,3
XiJttbzApDbpfnIfblIo.wav,1
xiLMzyvxguVweAHKZwil.wav,3
ximdCagFPbhEAwVabBlJ.wav,10
XiopVIpXDmyFuhvGMgYA.wav,5
xIotWzQNHNWdDLuSXvjE.wav,8
xipqFxCRpdmHVCULhOQE.wav,8
xIQkzlCuUtAhEZMzLgvh.wav,1
xIrjYLdKXnJHbSCVnqQe.wav,7
XIvZrWSnKZIOdjPFDyxf.wav,8
xIxEkwAPCWuJNoERkjaQ.wav,10
xJBqbAmThtPMmoWhwaAI.wav,3
xjhUdvEiTNyxTspkbLVh.wav,1
xJjtAUhhczLcBuFhnZDE.wav,0
XJlthdytKOVyVULNoExP.wav,10
XJLWqyOmnMqWFbShecET.wav,3
xjNTNNNqNRlgzPzpNRjm.wav,1
xjwrUyirzLbkVfSuGwfB.wav,3
xJycpqTVfLFfsjYKIoZd.wav,7
xJynqZCQdzOiPeONisiJ.wav,5
xJZpgYtqyqUbHYaKvjCM.wav,7
xKaMOulvywQVnFeioRLQ.wav,10
XkdnYhhSjzRllpIEFHrS.wav,0
xKDXpyVLMMoVqiJjhcGH.wav,2
XKECPjHnlaONjpfcrFvb.wav,7
XKEgqqXguOaNvUzIBeZU.wav,0
xkgaqRogpwyKrnseHtvd.wav,0
xkgbnSrzDllepRKbpoAo.wav,9
XKhbQlwMFsaNCvCulcoE.wav,5
xKhIvKZhcgsFyBlmxcVh.wav,7
xkhVHFJWEMQDsVmPxwlJ.wav,9
xkjfJcWDMJosvDbVqIQD.wav,10
xKOfFxjiehAuWdcpcVNb.wav,1
xkrmivnztmhtuqdealzz.wav,6
XKRXrJnYjtwWnhMVGrSc.wav,10
XkSnAVCMJHhGaazZPQps.wav,3
XKTNasRsrtdWNnwuyYjA.wav,2
XkuEOkpzqIlvJYckEvSy.wav,9
xKuVgSJkKZkFCDxTXLXK.wav,9
XKVuVgFEhaWMykhPsQqA.wav,2
XKWpsNJyGimhLhWSjfRz.wav,9
xLBanJiFiSnqGHEKxPaQ.wav,5
XleIvETDeEWLNkKSRQFA.wav,5
xlKYJGDbrwQaueEADzdN.wav,2
XlllqNfidpiffEmEbzej.wav,5
xlPzWZKClIUxuauIbUjb.wav,8
xLrYBjBThhRZfdrLGyxB.wav,10
xLSBYaISZcIYYutPVkTz.wav,0
xlvcelgqzpohqlzethcl.wav,6
XlvtMpfWvDpSRUUknugy.wav,10
XlwDzowcvhApagVdQGpF.wav,9
xmbnGJukqxOxKqRJaiok.wav,10
xMUvBlshZOHNROObwXqT.wav,3
XmwfXWThAWIoHJeHMAbL.wav,1
xMxxuMfYrNxnMkTkpNgM.wav,3
xMXXwsNYjIEmdUVjyhzp.wav,8
XnakrvmZPYFsVfHwfxMP.wav,7
xnanbomngtnnoumbjwks.wav,6
xnBDEJrgAwKPRavPGTiu.wav,3
xnciufWXQANWdUVuvydF.wav,10
xndcrpvoghxvvybhegjx.wav,6
XneUtTGNCaytdtwCBiHw.wav,9
xngBjhQYSqDuOXCQtzsw.wav,1
xnGnhrSioQYKOXWdEWvo.wav,5
XnGOKEOfFaDPcAZDvhAB.wav,1
xngxpjaevdtbqygyitzt.wav,6
XNHeUZkLvgtqpYICKhnD.wav,7
XNHsNqooGBlTWhJzDTqV.wav,8
xnjZgIvvNMvMHJHfGQwg.wav,8
XNkhlrWdwTzrqfCUykXN.wav,9
XnlxIFoNEEbYWZrnLEaH.wav,5
xNngUvPmdxakjdKyRDwZ.wav,0
xnnjztmbyyizhpyuufxm.wav,6
xNoQauooIRJWXbHecVOK.wav,8
XNrNjAAFHVgJkyXcjrRh.wav,9
xnttqxjjomimwcvfqbwe.wav,6
xnwSewDIOQjqSgBYWzuZ.wav,8
XNxxnutscqnhCcKkZpBi.wav,8
XNzfipDacMVWamtOeeqz.wav,0
xnzWsDJyZAgBgbhEfhpa.wav,8
xoAcWFvYgnNRdnASzpVZ.wav,2
xoiczRLFVCThdyLlpeLJ.wav,10
XOIjHmHmXEojONgSTCPY.wav,9
xOkRfxoPmLPnoSHqHxOE.wav,3
XOLlKwnaIaLrgjKKzmEM.wav,8
XopXmxQOXdDeNIIVfRUu.wav,9
xOqEokrBEiXrJnWdezsz.wav,10
xoTqiNaLFOCNzGCZAxPJ.wav,5
xoWRSGPrDkssIParaZhE.wav,9
xowttfqajbhyvtwkytui.wav,6
XowURNZrcFBMtyIUSJXP.wav,3
xozssxvbhqvftvnldptk.wav,6
XPGjUdWpRUCdgmDeIKvX.wav,9
xphIVsgsbqxTapdrOAdn.wav,9
XPIhjgoantIaQidDwpAJ.wav,9
xplmemnlywggttdgmyjt.wav,6
xpmesyynDKbMvvbRLqbm.wav,5
xPoMyjlchnqhFoRecVMB.wav,3
xPTGjjGwHnyqQwffaOPq.wav,2
xPWdGPCKoJeUocltzdpj.wav,1
XPwqNHqaRDLHDLYXuxqf.wav,3
xPwUUTsLiLnlpdxIcFBI.wav,9
xpyduNvvyQDNDOofITbJ.wav,8
XpzqcJewkERvZztKAAvc.wav,2
xQaWsnWSSlWZdtwBvJBa.wav,10
xqbgmcsugnkhojkcqxhj.wav,6
XqBiUUUMrCCeiRlcYJft.wav,7
XqgNzAJHhiXYdWOgrQeh.wav,3
XQGQOAgkAUCetmueeYfH.wav,5
xqkvJpKqtHnJeQdKamwG.wav,0
xqmgmjqhzhniqhnedxgk.wav,6
xqmvjsoovyphmutpiiur.wav,6
XQrbiBEynvZzFMYnztvQ.wav,10
xqsejpzavpdekyhvklur.wav,6
xQSWKXiQZmgBWVKuMzIP.wav,5
XqUmOXjWrYYVzfIjNLXP.wav,8
xqwemdubbskvzgicajog.wav,6
XQXrzzMzGzorqvVDUIIs.wav,0
xQyKXoRcyuhSgjbYzINB.wav,7
XqzDNdUYYKFZPnsczKLA.wav,10
xracdpkrnjwyieoptibp.wav,6
XrajZQrtpzhqTBkcouQu.wav,1
xrbHeBfyrcJtjjBYPcza.wav,2
xRBZlrlQmzTGWvvjaKwh.wav,0
xRcmRNbEJmtEeaSSblLu.wav,7
xrJhlDGZlAGDuYyqjtRk.wav,10
XRPaXcwArzxGOIjaVJcT.wav,2
XrpTojJfVieCnzZeHfcJ.wav,1
XRRDdOobjkOhhJnSjBhQ.wav,0
xrrdgiiyybirgzkbvdkt.wav,6
XrTqbEssLSSqDLmkRjox.wav,9
XrXpezGKcZLGWSPnjJXv.wav,8
xRXtQIOZARUxkMCcsjbV.wav,7
xRyzwevfqewTVmirzKaX.wav,8
XSaBhYIGUOvguxNUrzAh.wav,5
XscsLuWGdggiOTqObrkV.wav,3
XsICRompnJyLdqQigwJw.wav,10
XSJcNgzLaRjsxTWkeHnn.wav,10
xslnPSJWNgUvJBssJItC.wav,1
xsQghvkLjbuiJMSNOUjF.wav,9
XsULwfEIPWESJTwCYexv.wav,1
xSvjlZdgADxUbjGegvmE.wav,9
xSVYJzxQnXimujAywGFR.wav,0
xszqGXKqNgYNUymwnIeg.wav,0
XsZuqaVgntbrPvVPGDia.wav,3
xtAFdBTHzpXdjhMJrOzP.wav,2
XTbgPqPHnyhkNYecQoFB.wav,7
xtBWcDLqUvraxwfcysNr.wav,9
XtfwjZTevgezhynDPlNf.wav,2
XTgzEkKfkKceJFNfgzav.wav,7
XThYiLvEeUUpQBgRKkdM.wav,3
xtIDuiIZPXRZvOJRBGan.wav,1
XTiXqcKPwgYmWuhHxisb.wav,3
xTJVRuUBuPWZaNYQAyyH.wav,3
xtnNdQeMCmuklQhkCycR.wav,3
xTpeXknHGWkuGABgzAbp.wav,2
XtpKwyLDGlnViUjXMcLi.wav,1
xtsbhpekulbnkdaacdhe.wav,6
XTtGrfrgcSoBApffznRV.wav,0
XtulHvqHFyfXjJicZkue.wav,10
XtZCETcqNCLJgBrCKlHt.wav,10
xUBeZUKllfMPBLIohiuP.wav,3
xUCbWvBVRlKimAKooFKI.wav,9
XUCSeFCZdIBFkPnObrPS.wav,10
XueaDPqTxAwNCjlWHjmS.wav,2
xufbmaazyeztkcnxvjxv.wav,6
xufutrgCTPOlzjczUhPS.wav,9
XUhKMsPILXMTaSSVoevH.wav,9
XuIDcGeNNtorImYgdBsK.wav,9
XuiPyigUHPInBtRIngHb.wav,10
xujnyAWFaJmbKkbcJJKz.wav,1
xulDTLMEPEetaxzYoUEc.wav,2
xUniiielRLXGxKnReviy.wav,7
xUNMRIWzyZfwMQyNOsfQ.wav,8
XuOjtEmgShevPGuCEika.wav,2
xuojXCNddnaumqonDLDS.wav,5
xUQFOiYbZTwSWivuqcHC.wav,0
xUraQXTBVbfFDwdOOHmi.wav,2
XuUGtbWucVJWwGTGXmIT.wav,7
XUxjPzkdxbXSFnmwkbqb.wav,1
XuxomxTvpjEbCiZKINid.wav,9
xuXRkXFYXGscrlAqtpJv.wav,10
XVBEPbEZKvrCdJFEcdAK.wav,3
xvbjrojunrkuelggvfod.wav,6
xVcAOBOynvsGxsYkfPbS.wav,10
xVgLQrGTHilrFObEwYtI.wav,3
XvJaNnoyScRObhWRYtTd.wav,7
XvlJQuKIyCZUqPOYtKqX.wav,2
xvmVvBzcjdlNtjKEGKdA.wav,9
xvNWzGquohTtoECjQBtM.wav,9
XvqSkjTBzvGyKqqPvtBe.wav,0
xvQXDiAZNIGQODlXpuUy.wav,3
XvrYmKdxzFzKYrVQyVTK.wav,9
XVtrXgZQjPtnNbxAwiaa.wav,7
XVwEGQmNQCFwJXkQnyiC.wav,9
xVzfXKpIsSjmouBgZgOI.wav,8
XvzsIHEfrcxcteJDnjrV.wav,5
xVzSXVXTyVLLLyNMjFhN.wav,10
XwdVDqssXnLLOcqcyppD.wav,1
xwESrHYxhhuguhUqNlyM.wav,2
XWFWnJURstGkzTZvgRHJ.wav,0
XWgoHGKGbpGZfPmbRRnG.wav,5
xwHJRatZKAMqGlPJMXeL.wav,10
xWhXyLetzVBwhNMPRuLe.wav,1
XWiCRRvJxuDUPnSsaLfu.wav,10
XwIfzlFQfjsqsVCKAuhd.wav,3
xWIPrKZLsnmAgtDosrec.wav,3
xWjjYKWmpBBckZKFRscN.wav,1
XwkGHyXhowojCBWgficN.wav,2
XWMNRzxbhjxpAsnzNRcQ.wav,0
xwnHXjrtVFNvAGFjnPfZ.wav,7
xwptcljnsqjcnqtvzckc.wav,6
XwQiRkjmBJDyxbfAcJth.wav,8
XwUWudvXUDFXSrZKPNVg.wav,10
xwvosbgkgyprysoayfxp.wav,6
xwwrrvxhtsjnhyjppbiu.wav,6
xwZCefArqvjsXPRaJmDU.wav,3
xxbQLbVJKZAkxrOAdejH.wav,10
XxCrPEFZGCdLabvNfrsr.wav,1
xXFcBSqAuKMRlAxJnQIY.wav,8
xXGyEoxrYWNjrZHzmPpk.wav,0
XXhmPKESbaXNZDpyzFwb.wav,3
XxLDmFMFeTtTWQznluwf.wav,8
xxofofgtmsefygokkabp.wav,6
XxPzjivnZugcsGpTTxrX.wav,7
xxrcmwvzwrvwgoclzcaz.wav,6
XxryaxUxBQEIwaHQTmPk.wav,10
xxTYQOcbSMKATTUftqJX.wav,8
xXXrSMzPJysawsbunpKT.wav,10
XxzUiCvRUdrACsONyTBN.wav,2
xyFFPuZZhzaoEjUqqrAg.wav,8
xylhyvwwgyyzlxfbvjdn.wav,6
xylrghaNUOYdwAhzakcG.wav,9
XYmLzGvkVktuznLagrau.wav,8
xymSLNTTRCyZMfuhwyDX.wav,3
XYobwQGPRQHvGSJxjOmO.wav,10
xYpJooYikBXqNCmuXoxc.wav,1
xYpUSvbIVWOqVPMwaFEu.wav,9
xyTDSVEeNqeVeqjjSswr.wav,1
XYurxIzLpSOMmWIPNVEF.wav,0
xyvxbyddpktaayjqxtkp.wav,6
xYWcUMGukXwxSeZrFyyO.wav,3
xywsoahqrqepskchchme.wav,6
xYyTGQhltCBhbUiNbyDw.wav,3
XZAEEoUUewcboarFoFPK.wav,3
xzGdjirDwJQjVwTYqDwD.wav,10
xzIeEjzXmfkmDlRboNPR.wav,2
xZJeWOuBgJPAiUrLbOrt.wav,3
xZJioQlNeLAyjdqREnyJ.wav,9
xzKJXGJPpbUVXsujpmXk.wav,9
xzkwgemsoovagtwptwek.wav,6
xzLByeHpieCTqdKZbTqD.wav,5
XzLUvoplUnbjItWxFggu.wav,2
xzpjCoUbGajAehTISffj.wav,5
xzrmmaraxtbefqfsawjx.wav,6
xzubphktbifuazalmlel.wav,6
XzWDpOjBAsGpVnicCXHt.wav,1
xzwjmspgxmryazhsjloy.wav,6
XzXVdurlpSmrkZrSRbix.wav,9
yaAQipwcnJIGSHGpFFZM.wav,7
yacIkYpHtaRNfdiZxAgB.wav,10
YaeHPDRUgwAajAIUjBBR.wav,7
yagpvwuwmdmhgpavzfir.wav,6
yApwVKkinguklwTfIKlW.wav,0
yARvWWjeLzQFLdURKUAH.wav,10
yAtMzOXItSikjRbOPZID.wav,2
YAVfsezHlvThRigdnkMC.wav,10
yawikfpwruxzicopujyr.wav,6
YBfFOOvmYYcgyfPVEIBV.wav,2
yBGCGuiqsQyxJkyKnmEa.wav,2
YblydkdzbYNiGwgVzWXZ.wav,5
YbmCxfeAgNfOQZEgbzcd.wav,0
YBMXNDyMIGGwrchSnJDR.wav,7
YBNjgkYdwcGEnABQroZv.wav,0
yboqiIfIATcbjDPYscAg.wav,10
YBOwGZvqhKsixTuysBRE.wav,0
YBpBQGPagKfvlWLecxZb.wav,10
yBqqMpAjqvikFQtsePUh.wav,3
ybsczfzaapvdqlvifdhn.wav,6
YbSKMxZkLpPUWeLybZZL.wav,3
YbtMfqXXDHhXYwnelFwL.wav,10
yBWMLTqKfkaIWXWyHdNr.wav,1
yBXXGtTtOuIlkvwHyScY.wav,3
ycapwmgacgqdoqvhldbb.wav,6
YCBhhWzIRcmAvudHmYJa.wav,8
yCBKhMiJnBwlODyTYrgI.wav,8
ycfebjewncojvnwadblm.wav,6
YcGwDAwQBlXrDbXUpQyp.wav,2
yCJXEoeMjqkMYDJBSRkz.wav,1
YclIYViUOXpIGwKizlCj.wav,1
YcLRuvPUxJIBlcUtAXfI.wav,9
YCSvKjyoCyMKteSbVEtt.wav,5
YCUOLWGtTKQDAhOKmsOt.wav,1
ycWfslBtjvhuQtGYTZUs.wav,10
YczhrBsIifenNgZDUUPx.wav,3
YdbCZXyYUALLZRQxFYkY.wav,8
YdbjrTmbiUpnTIchwJVP.wav,8
YdgDvDaWcxzPXReOnFZX.wav,10
yDKCpvZlxBNNtuCRSXDK.wav,1
YdkHhDlIRimeTGeIaELP.wav,3
yDmYHPCjkxbjTiDfhrss.wav,10
YDRhjgOSeoABzxjoefza.wav,8
ydtKPtVzpgvVCHbEbktP.wav,5
YDVbIgBzxtmpxjPNGwTc.wav,7
yDYYFAOmiDOQnMoepkBx.wav,0
yeabedgojvmsrfrtqlpy.wav,6
yEAZjHDXcZOYnkletKiY.wav,7
YEbuwDKbFVgNZTKoeGEq.wav,3
yEeGXEIsSXpcBTnTKfEF.wav,3
YEfIvgfIaWowWkGySTCN.wav,3
YEkFEDqUWOBPjgvZuqzS.wav,3
yeonvfupuweapjwjisrs.wav,6
yermdbyclessisgoxjvn.wav,6
yesxoXsTmfnxGdGhBRce.wav,10
YeYGxVJcEWXmrDzubhTJ.wav,3
yeZmdASfoCTRwufsJVpB.wav,2
yfacWwVGOgskJYuBszyd.wav,10
yFALLrjgOxWNAmkkBbtd.wav,10
YfAOvbOOpoIibUXJxVml.wav,0
yfbazlsHXAeTCNLeGsGb.wav,5
YFBodzFzqkoagoFNVeXm.wav,1
YFeSZHUmlrKpgoJgJmgB.wav,10
YFgUZfYjEwDeuUzIfWQp.wav,10
YfHHdrjLciUEfwtKRjxC.wav,7
yfhmsskojbirzkpcohbk.wav,6
YfjNGrjEBLKeJadPKaOc.wav,0
yfkxuilyhgwsswdeldil.wav,6
YfQEIgtPWWRSOGHWogTw.wav,8
yFsdHuNMmINXXzcECNZD.wav,5
YFtoBSblKCRRXlbVBXke.wav,5
yFXWGQiXkFkKQNVRlXEn.wav,0
yfymxfucrshjgqumljeu.wav,6
yfyqBiKrRsIxAKvCLoRW.wav,3
YGCypAlEbIIYtbFRREju.wav,1
yGKlDtnhGUgwXUUzFSLq.wav,3
yglDQAqSNspXYNtGLfkL.wav,2
ygmottgswrqdqvjxyzaf.wav,6
YgSfIGbgzBgEMGZeUSMU.wav,5
yGxcSXmLFsZjxDLacVmG.wav,3
yGXOXcdyssVOTYbAFpuh.wav,0
ygzKKcWlLFwbeEkhfbiy.wav,8
ygZlsCTJTJRtBigiFOGG.wav,5
YGzuehqsuuuhBsgZvRUV.wav,2
YHAuAjjHVcWZLxmiyQVh.wav,2
yhdolbmbtpleupxhigvb.wav,6
YHghYdcosgsGTSKMBkZw.wav,0
YHiRNsdBdWmJQcXohasA.wav,2
YHjjhKlFlpfnhaRzXJPg.wav,10
YhkEwifFSNKPrZljEbBP.wav,5
yhKPfEGPpQTypoFbnyGj.wav,3
yhLSOZGBCgrAQiQquoaf.wav,7
yhlTFcMrqXkbwxzoApfm.wav,10
yhPLibyQuRJjyKECUQcv.wav,5
yhPwmvhcPGtxoJKiHzwC.wav,10
yhupsfckfvuzacxlrywf.wav,6
YHxgKySdHusfoxHwoanD.wav,5
yiejpcjsiuetbksdesap.wav,6
yIhWgNqBWqbTDObUYScA.wav,3
YiNYuaYfukRqcdiaLKQa.wav,10
yinyxvsxiwejfunhltyd.wav,6
YiPrJNxCxROpPctqQqtq.wav,3
yiwDYcCqwiVdMwXSFEtn.wav,3
YiXxQsdPYkrQdJEWLHLh.wav,3
yiZqSIkfgEIYPEtNTkwZ.wav,10
yJcEiwQGagfqFlnmEPbZ.wav,2
yjhjMqQhAgFWMxdxelSs.wav,0
yjitpkbyqeqmzadqhosx.wav,6
yJkznEiHAWxcoYCyAicC.wav,3
YjmlaiLpvdeRyFBkGuBg.wav,5
YjOedJimzecRxlPTauJo.wav,10
yjPYDZxAIoOTtQOYvhVm.wav,5
yjqkakmyccihrgyobcis.wav,6
YjrlIQXVHgNpSYBNtrvX.wav,7
yjrzdnekldubngqknmpd.wav,6
yjvdtksrittviizeotjj.wav,6
yjvmkjQHpchpGZoSXMLA.wav,7
ykbbldufjfmcarsxgpmd.wav,6
ykckjnzeyghdtvamjggo.wav,6
YKeyinHlHsxRuaigDiFv.wav,10
YkJEJurywRjXBTAzhJjM.wav,8
YklrkIbjoHLjtbETWDbN.wav,3
YkMgXDKxWWigdJfzSOzk.wav,2
ykNKvNMxAXDIfiIRWFyF.wav,2
YKrlyLNLRweKvLYsGjgx.wav,1
YkSWqzTueejFKMVmzgTr.wav,3
YKvooHGnaSRYzMTPgUHN.wav,5
ylhheELzpYktLOFchXMk.wav,8
YLkPKKqXKiTOKuZeuwFN.wav,3
yLlmicWCHdxOnkBbdsiS.wav,7
ylmdhnkhfwrvgtjcxwue.wav,6
YlmWXUoXEiNafXYhyHRv.wav,0
ylyNBQevsKeWVlUJaVYX.wav,10
YMCfdeISWtvokmgiwNvX.wav,5
YmCNhLQOAxeMQAvJCmPZ.wav,0
ymcsTkreiEVfYdlBQWgs.wav,10
ymCxQVRbRdLpfZSzjIac.wav,2
yMextBwOsdmUIQJjMOdf.wav,10
YmLPKCyoxAxaghNLWwSb.wav,1
ymPINcxpYADHRFjrTdGa.wav,10
YmSzHRxTQszsJeXAbPSh.wav,5
ymtIkxNnNuQnSdoQekWX.wav,5
ymZMQErTIVWEuszpDYPG.wav,5
YNBvuYuGOAcYuiLZTVBO.wav,8
ynCkaBbVbnvspziZUGhv.wav,8
ynheiqdmsqyxgmekomnh.wav,6
ynknexgfckaehfrpjtjl.wav,6
ynLUyegSaroIMiVEeEFX.wav,8
ynlxatcruukahvlmmuwr.wav,6
YNmuGQAygFKxAMNWtWhz.wav,3
YnmuZxsdJIdkxNabcKYI.wav,8
ynNlQVdEzQeeweAEIVVM.wav,2
YNNqNnxnwhhzEXCRfpJH.wav,8
YNpdHYMyohadRgoFCZMb.wav,5
ynqwoubktpmxztejkruf.wav,6
ynussofizkudcehuylft.wav,6
ynwoedvizkmdkstusokc.wav,6
ynyusklzHKEvboLQtWOr.wav,10
YOAAwzRWOFbiOILiSAEX.wav,0
yoaylylzfnldhzjmeyhw.wav,6
yoepxxmomlklutnfkuwb.wav,6
YoGmQCqPvoXdBwNwRhLb.wav,7
YohLZUBvexSYVXecJRHY.wav,3
YOHswuYmFOwEVlOrHBZG.wav,8
yooNKtEUpTpqaWXqBDme.wav,1
yOsvQdPbDFpcfjElgobL.wav,5
yosztzsoeychjlnatxll.wav,6
YouNgVuEjqZHzpGGcMRu.wav,1
YoyHXXIDUKZrTYXuDfwT.wav,0
yOZioAFOYXiXbiRPPYJn.wav,7
yPbifMxevxBHeansPwnW.wav,10
ypdztdthsiqamndnbmed.wav,6
YPFtBScDVSsXrMXZZZBz.wav,7
ypggbuFDVcYmqVBRFzXt.wav,2
yphrctvjqagbhcbxxoig.wav,6
YpiUKPQGTgoJgHhYkswF.wav,10
YpJukrGJTTzUrquPzxxd.wav,3
YpjxSPtCzxqENKoMkVTj.wav,10
ypmuxpwvmnqoinzbjxbf.wav,6
ypnCRehKcroFTJGsVVfq.wav,5
yppdpkzdgdhgpuprncwb.wav,6
ypsDmKaPBOdxSalnBbPE.wav,2
ypswslydpgapjthwgrdc.wav,6
yPvtZcxlNOjkowvmJjdg.wav,1
ypvWtHbUyrUQsvpLBubv.wav,10
YqAfpZDHdQyOwAOAmmso.wav,10
yqdasrkwfflmvgauwptr.wav,6
yqgosgosewqvtsswvxgd.wav,6
yQKhpcPpMtmVyetzobgZ.wav,5
YqolasgSYAokdRRyWRvV.wav,1
YQrHEAnDCrKCSrMXSqDo.wav,7
yqslndqykmestsspfrrx.wav,6
yqtkoxwhpfaeebfxlwww.wav,6
yqupyQLwGBPTpJeHMypX.wav,5
yqxcYUBRVwopAQeeFLtx.wav,3
YrBQrTqnryxmVeqtFWka.wav,0
YRcnqeYwWsDzZDAaBkOR.wav,1
yrCTywjxNpTkEACdBfUf.wav,10
YreOMrzQSFcBLAyuwQfF.wav,10
YRmimePPijeoAXfMEBqU.wav,3
YrNGlWlvkwpeUAyWKaJH.wav,0
yronjfvdypkikxwizlmf.wav,6
yrShIvUtvXlEwkYqVxGa.wav,10
yrymbfiqnpolbfstezgc.wav,6
YrzVRuptbdmvxajdgWBQ.wav,8
ySDQvvJFpWGpcMMpGXjU.wav,7
ysKhUWEcahmJqTzBWzoV.wav,1
ysLrfRQyfPMDotlrZWDS.wav,1
yslvkqpwmeemmnkdejod.wav,6
ysmgcqZrFmONGQcDEIbU.wav,3
YSROYdNvVQRhDnbgazjF.wav,5
YssahmnCScppxCyrYPth.wav,8
ySseUNbXUsQsSocgVigM.wav,0
ysTvVnXVLILBajiTikgZ.wav,8
yswwWqLWeSVczvAMDjwQ.wav,8
ySzTIYZxWuZtvEkOlLZn.wav,7
ytanymlibybmxlcndigr.wav,6
ytCiKIYHhgFxqTfsPYGA.wav,8
yTIaTdAmGrdoycgCfekA.wav,10
YtKbMVQIVwrstYEknUiO.wav,5
YTKeaWupKnEbaWmMwDKP.wav,3
YtoWkbfUTGFJtWZzUUKE.wav,10
ytUYnhdiGvdVFmSHLLTu.wav,0
yTXBPqmJRjSHGgVFWPrm.wav,0
yUdlypDIPsSmBYkApXBn.wav,1
yuGXJegpAiLRlhXgZGRH.wav,1
yUKGFjdEDBaVGvzGtUsU.wav,1
yunrrlwofjuztjkpwimr.wav,6
yUPsFPsuLEVsVwtFptvb.wav,10
yuqhfiibtvetbbblzngh.wav,6
yuqvntympeoungklluub.wav,6
YUWemqNSutrQPZrqmkKd.wav,2
yVdEQrWVCfRUEwzrFIEx.wav,10
YVqjNsaPvftRRETTbrFa.wav,7
yvrnnsimbxeodbsaeqic.wav,6
YVrVsoKMbaSIaiwPknxx.wav,0
yVSIoScWSEOqKgrTnEJy.wav,10
YVtfoRqZFQCzZxsOXsZE.wav,7
yVUVPedmwIFCQcmdgTNI.wav,0
YvVImiriczEClZdENopo.wav,3
yvYaEfeqvgzLapUzdJar.wav,2
YVyxCHIaotoeHVSVrgGx.wav,3
yWAAMGMekcMtOWcBftvA.wav,0
yWCrOMRPCHdxTxoIJIoV.wav,3
YWdgWrJYYSkGfrzZiYYF.wav,10
ywEmWYSlSeNOJyxzKBxV.wav,2
YWIHSxpgYCxCCkkNEpZF.wav,2
ywjiyezukxepexuzfdxk.wav,6
yWNiWrMfYcoZNIHQQbrC.wav,7
ywnkhfczetqewasxjysg.wav,6
ywqlkqwmfjwjwrajqgda.wav,6
YWsZTuroqHYYUraTccYG.wav,10
yWvrpHGGqsPjkYlVmATg.wav,8
ywwsrtugiPPwwGELbURI.wav,1
ywxkapxnidadiwidenll.wav,6
yWzyeDwstEqtWRbpZfeh.wav,8
yXFgVjLNVhHeQBSEOIqa.wav,1
yxgfavhcvzkiyphorsnx.wav,6
yxitkzajdiclkqyhdyfg.wav,6
yxjcvgrtsluzgtqanpzr.wav,6
yxjhmnhrgqpaueeyabyc.wav,6
yXLtFRrClKkVXKugxitQ.wav,1
yxNvRqSmhgwZoDsikoGi.wav,5
yXnyazFRfAJLTxwteCsG.wav,2
yxovzyolvwhqafqjkdlv.wav,6
yXrpSJMzZegQmBVdUvRP.wav,1
yxTyvUWIjIuIkthSyjwc.wav,1
YxXInJHSPLKKeurGcHCS.wav,7
yxyhcssskauphbvqrdtt.wav,6
YyAPbSXJHaEVYHARBOkj.wav,3
YyFhpBkdxFZhVglTRMTL.wav,3
YyFVyKHCnMpOTYapGoVg.wav,7
yyhivhkeyfkjygkmzhof.wav,6
YyimojsiceBoNTUoKCBu.wav,5
YyjhInWRlECvptmszvGF.wav,0
yykftwpoxitsxzjguxgd.wav,6
YylnAVFyKWEZaWIFzoCN.wav,10
yyposkciaseqqpzjgmxe.wav,6
yyqxftsyemocicoxyqiq.wav,6
yyspogxjcwgcqjyjcyjs.wav,6
YYSSdldvYhiUQbpTmxlK.wav,2
yzAWCuUMJIxWiRhxlRho.wav,5
yzeetretgntbacehzajh.wav,6
YZeRTJcivyKYABmiXWGy.wav,2
yZFfeHnqHKrUJjFsZVPC.wav,3
YZloETgiFnyMALfMMxch.wav,2
yzojdxtoxmkghwudnpqz.wav,6
yzOxqpguSLmWhnijmRyk.wav,7
yzPedIkHGagqIGAHDlEF.wav,10
yZppDjsLCnnpuqkAiWcW.wav,8
YzthgCtYWCsKQrdhWLTN.wav,5
YZvkcaNnkyWBQNEzuLkH.wav,3
ZACGxhlxoOhGETMsQGVC.wav,3
ZAeSNfxmrILpOyTDThvR.wav,10
zaHDUIBLlnLqjVvgYmiB.wav,8
zahwrasuldxlrmcvoyag.wav,6
ZAKUVShZgtKLFLKsHtrU.wav,5
ZAkVVbCMzaoklqEdURvF.wav,0
ZaNAKllRrGeEiRUvHPzs.wav,0
ZaRFVpKZhUsnjNyztWgE.wav,5
ZavHbCMVqOjFToHHaeMb.wav,1
zayewvwtenzdekcueyeq.wav,6
zAZeBSxGsugWyviAZGTZ.wav,3
zAzlmSFBegXatzZrnYwB.wav,5
zbdogqrrebtzcfialtgv.wav,6
zBdRNDsHinNclSoTiHAp.wav,0
ZbdwkpFGIdOQQNmithMA.wav,5
ZBFrcnDcSHKyYPGUZtqA.wav,1
ZbJLnNkkkXZCCibCcYrq.wav,7
ZBJWeuwVjmSQWeXUoOQs.wav,8
ZbNAtuZSMzBjeXLswRfB.wav,1
zBTIVuoOizOMpWdKLslC.wav,3
ZBTjomCUGCCnsrXIfHij.wav,1
ZciyOXhzLknJNrlAuhqw.wav,10
zCkCqpzkmOFjJIbZkXvp.wav,5
zcllcdzdnhoqjcbvzqgy.wav,6
zcniwdajqmaznjvglasi.wav,6
ZcNmZipJmJASxubDxiFK.wav,0
ZcNXQOlBZdZVSGouqBZA.wav,8
zcoigXmXyjgKWEwRoSdD.wav,3
ZCSsRLfnlnxDXTlqltMn.wav,2
zctJcBmSsmPkBnvATyEf.wav,2
zCUMIJAtYXHVXvRzKJSr.wav,0
zcZfAZQGhGwFQKkCcdmH.wav,0
ZCzsQAxiCGNwsVXFruDV.wav,10
zdcyoctmxrawbxlolnmv.wav,6
ZdFokpaYCRzzeweLWiyV.wav,0
ZdFTTrjTUXnyldWzMXoL.wav,3
ZDGrhudsalkitbducIZW.wav,10
ZDkRNGTpKthVKvhqzhWb.wav,2
ZdnkzipnLCFHXQJYtXda.wav,8
zdpotoiifhnfjwomwjdt.wav,6
zdsmgodgrqfqpshjegfc.wav,6
ZDwtXjlaUfMEkrlYckGQ.wav,1
zdXDGrfIhBrbGiJZFtjb.wav,8
zdxOEllqeYNqsnCjupLX.wav,3
zdzbksxuhaotldbdyumc.wav,6
zeDjnAclHCrXXRxIXhuE.wav,0
zedtJuCYGpKmEXarBmSg.wav,8
zEKqAhMKmsWtkCFckLPr.wav,10
ZEodsZLKRWODmVMlyXrQ.wav,0
zeQflzEmAibsIVifATZj.wav,1
zeQSXTaAmxYjerTBVJjg.wav,10
ZEqsZbOIfGiYnJcbIxiI.wav,0
zesyrcbejqudxdqueemc.wav,6
zetfvmHFxTaKTBwTKKAS.wav,3
ZETKnfJGabjckqjmaBox.wav,5
zFbbfJUDauRHNQxGVDJf.wav,0
zfJhFxKEANQAkkDLikgZ.wav,3
ZfJmGxjIZXzVOiqqsreN.wav,2
zFNsuiHTmZldpAhHEovx.wav,10
zfORUwtvuQGDYWVFVewq.wav,5
zfpmOfKJavtxiUDVcGdJ.wav,5
zfrmbIDbidIydgzhFpZj.wav,3
zFumgIpETexxHBBoENaJ.wav,5
zfvgcaxsqhuaovptolnw.wav,6
zfyofagutdrqutxqjpsg.wav,6
zFzJWyckDYgjRjpdPdPQ.wav,8
zGBCLpdlXWPMVEtLTpzI.wav,2
zgcqwhnxcerpkuspqvpa.wav,6
zgEwggStFXWaBDKIblUG.wav,3
ZgGGumUMBRBQMvOPpXsS.wav,10
ZGLhgZIfowynbUiaVbmj.wav,8
zgNvZQcMzmKLSdYwpess.wav,3
zGpCDLKBpIrlEweTGNOo.wav,5
ZGqHBzcLkjTAhYqaanmq.wav,3
ZGqolCYqgrZaKOKpQUGf.wav,2
ZgrUIjoMHoqdwroAdLuL.wav,7
ZGsFAnmiOjYPBjkWMHib.wav,9
zgsjzOUKYJLqAjqepQqV.wav,2
zguimialrxckuyxjfnmn.wav,6
zgvCLgnpRNDhVujVYsxz.wav,2
ZHBZVjbyYZngLlkzAjnS.wav,3
ZHcNsyVxKWyMnFBCMLiP.wav,2
ZHiMzkKMVYoyjNialQBZ.wav,10
ZhJXiXJthmBRaVmetfBP.wav,8
ZHmiNKYfpqPHDxkBjNsm.wav,10
ZHmzimjHlnnFlmIXLVIC.wav,0
zhOLXSHQyFoAfMmWGjSm.wav,2
zhoWESENleRHpoMczUUM.wav,8
ZhPAszzMIKmpuGwSUGKt.wav,2
ZHsEzlmgjrryiRNTsbMh.wav,0
zhsuzzppymwzgzswcggl.wav,6
zhtfkTIlKBoIUfRvFfDa.wav,10
zHwaslhHKeRUOritdGZY.wav,8
ZHXizboxCTBPhucNqcXJ.wav,10
zhXmiPquiNKCoKJDEEGm.wav,3
zhxqnjkyktdurasnuyjj.wav,6
zhynwdtxrqjpkfvrzshl.wav,6
ZHzVZJmeAOdrcHhfGucp.wav,7
zIAyMaUyjJvZdeOjjVzv.wav,10
ZIbnPjPPredMdAnjExrk.wav,5
ZIgFgofQuZpgfkVxxmuG.wav,0
ziGVmLIJLzmzTCNofaQB.wav,3
zIiHPBYOgPmLOZBSgVCh.wav,3
ziIVHjFzcclpOGagyLIl.wav,8
ZinyZLTguoGiDYJoufOa.wav,1
ZIPzchfMyVJmuMYxyDKc.wav,2
ZITboEDyRefozPBCoWXa.wav,5
ZjhMnREmyRhdEqxmRGYj.wav,10
zjNJvximWVIspbAIErWq.wav,0
zjqnpeqgtpdpymhpnzxp.wav,6
ZJuIBhmPnFVdOWfmKLJq.wav,7
ZjujBhXICBjcQlaubkqC.wav,8
zJUkKehnzkzzzJUsBAXt.wav,0
ZjVfKxLCTzxcPFjHehnW.wav,5
ZkaOJHdXBFqXruBHwkld.wav,5
zkhXxaRqUcSCXnKRunGK.wav,7
zKJUeZIOfeCsZKvxVUpg.wav,1
ZKlnEPwpmlueFIpckhmF.wav,10
zkLomAyCCfxMbXBGhQwi.wav,2
zKMBhQDqpoZAFLeowOEB.wav,2
zkMmcXWODCDqbGqGAuAR.wav,10
ZkOpBjMTtQOxFysRNVIy.wav,1
zkOPgMfeIRWMxDOEnnDN.wav,7
zkPySbfflBMlXCvOurBR.wav,3
zKRBNFOUgRjXQbmrsPSc.wav,10
zkvczbdprmlpeagkikys.wav,6
zkzhqilwgfomrmolpdvz.wav,6
zkzxkhndectvqzvevgjy.wav,6
zLlTtyuuRkizDesHUuAd.wav,8
zLOwQWSPCzuKyPEfigpO.wav,10
ZLUIcRUFvBAtxNGWeMPJ.wav,3
zlwkZByLYXfRlgseXVEK.wav,5
zmbilidvbmzihsbpwbju.wav,6
ZmBUzjgHqPjDnuyTzTsq.wav,5
zmgbgcbwahczfeaqynvh.wav,6
zmgZvMnhbEJblWvopLhx.wav,8
zmIXxVwsYofCHfCVhgsn.wav,3
zmjGWNVekAGIaVdSNWQp.wav,7
zmlbgpmwgicblciidwpz.wav,6
zMlgLKySgmYfiTNYhESY.wav,7
zMmatETUfIuXVxCuHaju.wav,5
zmmDuBpStjTBzZQmDhKB.wav,8
ZMnFsEFJknwbMwACIfBW.wav,10
zmOExWjgEeRrcQOuJMLs.wav,3
zmRXIOBAHheILfXEJMlb.wav,5
zmtcdqbyxmqvruxfadad.wav,6
zmTzYvTkPJvvwwfzllwr.wav,3
zMVuoehNVwkUjHcXVXJr.wav,10
zncqowtuwvzrloyjwfmg.wav,6
ZNGmhmwQrSqHKGMKWjDM.wav,0
zNgOeUxQWlhzoGymlrIQ.wav,3
znjxdhckragowskmmzbp.wav,6
ZNOdcTPWGwDbXSBYanYf.wav,10
ZNPGsFtZvUkyfIMwOzpg.wav,3
ZnqvNZOmIfkZxjgUqPfc.wav,5
ZNUrIrtQFdOlVEMTjHzA.wav,7
zNuYIgPrgcTzshtVdUXQ.wav,2
znvrzydijafawfxnmxhe.wav,6
ZNWKpVQBOndPKuGZZWNn.wav,1
znwUtSkQsEPHEHqiGyyI.wav,8
znxgyduQyAPiowNpTKlm.wav,10
ZnZojoFPgrCcOzOLAdbF.wav,0
zNZRqYXoXnaRnnQqlsjt.wav,0
zoauvogqwbngvhvpgyjd.wav,6
ZOdNaqXgRlwiJqNwdlre.wav,2
zOKCYmnXrVrISwNJRRqS.wav,2
zoLMCpUWsuchTFNIKvQa.wav,3
zomammswgohizgkmesym.wav,6
zOnvsEMNeCkApXXOWffV.wav,3
zOSUTAERYNERheYaJqPk.wav,1
ZotHRVlNDKBUXVnlePHH.wav,8
ZOUWRDjzIjmEzVYZiKBT.wav,10
zOWXdtjvGHkrYiKyCeGX.wav,0
zoZVzDBwKdwPYIFFkUuo.wav,7
zpadqbYSOKCxAaysiwGF.wav,5
ZPAtegCSCknPZWZcZeml.wav,3
zpfbgblovfgmlpjkyppb.wav,6
zpfxmwierrhzlrzkszam.wav,6
ZpgwZpVdordGNMtyQRpP.wav,0
zPIYSovsIvehbIVRDnmm.wav,8
zpkmmkvbfebwmzpxdibe.wav,6
zPkymmITFqPLKFEclUVJ.wav,10
ZPLkCRreYdlIlivJHvcc.wav,0
zpwipspdayeoukdbvwbk.wav,6
ZQaJkQhjRRQzSzagZGUD.wav,2
zQCoEfiIWdSKxGQEDhzp.wav,2
zqhwvsbprxbufpruchrp.wav,6
ZqKLJpHCshugigomYObx.wav,0
ZQNbNHNPztACnLPfbKZH.wav,8
zQnYGISXZBRzGBtVqufW.wav,5
ZqOMjKeoLAKNUkdUgbdu.wav,3
zqslmHAjKZGAIOjzxiBY.wav,3
zQSUGAISocLpUoVWIKEv.wav,3
ZqxdxMWqDGgZWLERyzKM.wav,1
zqxWbBfRzpGYkdAOUPEn.wav,0
zqylGpnXmKDawgcYSgck.wav,10
zRbZLOkzCvsiKnVpdLwO.wav,10
zrclsIXFqDowLMKdsGlO.wav,7
zrDRluXMyGdpNIqmfqsv.wav,10
zRESVgnVXeGOABIILIpL.wav,8
ZrhNDXuyeQilyPREFFBW.wav,1
zrLNUCmraZuYzkQOVlHI.wav,0
ZRMSWOqIYMncAUFpZviS.wav,0
zrNStxSmFLljzJftqYsW.wav,10
zrpushtxskwxhmbnxlic.wav,6
zRUYzbibcHyMSTzAYism.wav,8
zrZdDRhMGSdYNUCwigVN.wav,3
zSCGuitBBiAuutZiSmxy.wav,10
zsdqusxuzjurhvwdbkrb.wav,6
zsENEnDysTaWAJTzkJWC.wav,10
zsfezZbCjzUMtTOCLcGx.wav,2
zSgRYPDYCNWBlTUnIFXs.wav,10
ZShVgzLiUAbGHcxTOjON.wav,5
zsijkcpygmozolhhryda.wav,6
ZsQrcGddFeDyMxEtdEDX.wav,5
zstppleltabiqvxhztar.wav,6
ZtapKdbZuSQAkcAbCXlB.wav,0
ZtbAwMLdqknsevrfbsly.wav,2
ztbuasejkpibmscqunuv.wav,6
ztdpnbdmxxctpaoclvcc.wav,6
ztfmeijuzdtllharvrak.wav,6
ZTFONtQSRBcUyTYdeuwd.wav,5
ZtpepEwjHmbppmCtUSDe.wav,1
ztQObUwotHEoYPcoIkxx.wav,1
ZtyzloTauVvfGMLHYSLJ.wav,7
ZtzbMKKVWPxkHuRVLOqE.wav,3
zudcfACIaOVNznaLolnM.wav,5
zUHpdDTaeOBwOfILJwQl.wav,1
zUIeJRlIHvnmRBMWSsqo.wav,1
ZuKNtwlwIygidLXhMZhH.wav,5
ZuKOaSrIoYyyCRgwXPwb.wav,3
zumROnPLcUsNvdhUFUTO.wav,3
zUnCpcpILOQJQPSaeZxj.wav,5
ZUOmiofebFruYsjHDiXM.wav,3
zUQqUyZNYpeFMtUTgPmy.wav,5
zuTJAZypRfdigXGYjjLm.wav,8
ZUtmZPVufkZnaXWTZuiH.wav,1
zuwaivtwymguksgffvne.wav,6
ZVBPNtPPVuXuvPDyXxhK.wav,5
ZVchQKLbNEKUxoYbMwTt.wav,1
zvcilkbvgkzjdugafpsk.wav,6
ZvePjtgpXuTWDBDKGxLU.wav,1
ZVFhbynSJVTmprSjcWvL.wav,8
ZvimajGCGsjastSYUmNW.wav,10
zVjbVqyGPtIFGDkCbeCP.wav,0
ZVmayXuLjPyUbyIQiLAg.wav,1
ZVohOTYhjzYquGryKtiH.wav,1
zVqIPQAGsOubdmBoKZbr.wav,3
zvqrervtuxnmomdlbesj.wav,6
ZVsWxQIKZuedcCCtApkQ.wav,3
zVTKsrUbVGqYTmBqtrNV.wav,5
ZVvZKUuBgPsxVyUnEoUP.wav,0
zVykTaExdvNpEIlBbTcP.wav,10
zvzeiiwkreugixolssae.wav,6
ZWcLtQRjTBIPRDaHcwTm.wav,7
zWDmkmjqzcoQoCkJCUxp.wav,8
zWFxVvnnPxSftZFmmZWw.wav,3
ZWFzFJeCmLpdLbaxLCSp.wav,1
ZWGhFtGPbNDBBzzYyrDN.wav,3
ZwIYHutBjgLvfyvOCNNM.wav,1
ZwMcbcQrTWxwjaKpkwYz.wav,5
zwrxwgHgTIWygJvFKjPD.wav,10
ZwuOEXBBFiOjVbBNxeMB.wav,10
zwWYFPXMuxBTLopwunlK.wav,8
zWxIwPRugxBfjEvllLvs.wav,7
zwyrbsvfipqcdwucttjq.wav,6
ZWzeWAJaWgPredhtzfTA.wav,7
ZXAkDHhoCimTaYsWpQRW.wav,3
zXALVsgOueEAaprDSDje.wav,5
ZxFBgfDNcPJBwGpEZoDv.wav,10
ZXGspIwqivrrSHXPvsaf.wav,2
zxhTrfaeWGNTpyOTRlvF.wav,10
zxlfjcoerjdjrcqohlof.wav,6
ZxmoYCPAkaNExIdhHVuq.wav,3
zxPKpPkBHdeaLnGUbTmS.wav,9
zxxhmlcwpgpihrbsgzcr.wav,6
ZyAjGZhfSWKRxXYlJMKt.wav,5
ZydSKBDoXSdvrOdVKpCK.wav,2
ZygnsVMwBjduohwqPuDm.wav,5
ZyzjaKmbdgPnEaOTREBv.wav,2
ZZCeyiWLzwMNTglxqOMh.wav,3
zZJOzQnQFdkzGgJwGvyV.wav,3
zZMJtpWguaQcshLZtqdb.wav,8
zZnDZwTlSdqoPOMaBRvZ.wav,2
zZTWtZJeyECJpqhiYOgi.wav,8
zZVOSLpjRYhvmpKwINCt.wav,7
ZZwNaVfDRLMFBQOYvFAT.wav,5
